/****** Object:  Database [QuanLyThietBi]    Script Date: 5/26/2026 10:28:17 PM ******/
CREATE DATABASE [QuanLyThietBi]  (EDITION = 'Standard', SERVICE_OBJECTIVE = 'S0', MAXSIZE = 250 GB) WITH CATALOG_COLLATION = SQL_Latin1_General_CP1_CI_AS, LEDGER = OFF;
GO
ALTER DATABASE [QuanLyThietBi] SET COMPATIBILITY_LEVEL = 160
GO
ALTER DATABASE [QuanLyThietBi] SET ANSI_NULL_DEFAULT OFF 
GO
ALTER DATABASE [QuanLyThietBi] SET ANSI_NULLS OFF 
GO
ALTER DATABASE [QuanLyThietBi] SET ANSI_PADDING OFF 
GO
ALTER DATABASE [QuanLyThietBi] SET ANSI_WARNINGS OFF 
GO
ALTER DATABASE [QuanLyThietBi] SET ARITHABORT OFF 
GO
ALTER DATABASE [QuanLyThietBi] SET AUTO_SHRINK OFF 
GO
ALTER DATABASE [QuanLyThietBi] SET AUTO_UPDATE_STATISTICS ON 
GO
ALTER DATABASE [QuanLyThietBi] SET CURSOR_CLOSE_ON_COMMIT OFF 
GO
ALTER DATABASE [QuanLyThietBi] SET CONCAT_NULL_YIELDS_NULL OFF 
GO
ALTER DATABASE [QuanLyThietBi] SET NUMERIC_ROUNDABORT OFF 
GO
ALTER DATABASE [QuanLyThietBi] SET QUOTED_IDENTIFIER OFF 
GO
ALTER DATABASE [QuanLyThietBi] SET RECURSIVE_TRIGGERS OFF 
GO
ALTER DATABASE [QuanLyThietBi] SET AUTO_UPDATE_STATISTICS_ASYNC OFF 
GO
ALTER DATABASE [QuanLyThietBi] SET ALLOW_SNAPSHOT_ISOLATION OFF 
GO
ALTER DATABASE [QuanLyThietBi] SET PARAMETERIZATION SIMPLE 
GO
ALTER DATABASE [QuanLyThietBi] SET READ_COMMITTED_SNAPSHOT ON 
GO
ALTER DATABASE [QuanLyThietBi] SET  MULTI_USER 
GO
ALTER DATABASE [QuanLyThietBi] SET AUTOMATIC_INDEX_COMPACTION = OFF 
GO
ALTER DATABASE [QuanLyThietBi] SET ENCRYPTION ON
GO
ALTER DATABASE [QuanLyThietBi] SET QUERY_STORE = ON
GO
ALTER DATABASE [QuanLyThietBi] SET QUERY_STORE (OPERATION_MODE = READ_WRITE, CLEANUP_POLICY = (STALE_QUERY_THRESHOLD_DAYS = 30), DATA_FLUSH_INTERVAL_SECONDS = 900, INTERVAL_LENGTH_MINUTES = 60, MAX_STORAGE_SIZE_MB = 1000, QUERY_CAPTURE_MODE = AUTO, SIZE_BASED_CLEANUP_MODE = AUTO, MAX_PLANS_PER_QUERY = 200, WAIT_STATS_CAPTURE_MODE = ON)
GO
/****** Object:  Table [dbo].[LoaiThietBi]    Script Date: 5/26/2026 10:28:17 PM ******/
SET ANSI_NULLS ON
GO
SET QUOTED_IDENTIFIER ON
GO
CREATE TABLE [dbo].[LoaiThietBi](
	[LoaiThietBiID] [int] IDENTITY(1,1) NOT NULL,
	[DanhMucID] [int] NOT NULL,
	[NhaCungCapID] [int] NOT NULL,
	[TenLoaiThietBi] [nvarchar](150) NOT NULL,
	[ThongSoKyThuat] [nvarchar](max) NULL,
	[GiaThueThamKhao] [decimal](18, 2) NOT NULL,
	[AnhDaiDien] [varchar](500) NULL,
 CONSTRAINT [PK_LoaiThietBi] PRIMARY KEY CLUSTERED 
(
	[LoaiThietBiID] ASC
)WITH (STATISTICS_NORECOMPUTE = OFF, IGNORE_DUP_KEY = OFF, OPTIMIZE_FOR_SEQUENTIAL_KEY = OFF) ON [PRIMARY]
) ON [PRIMARY] TEXTIMAGE_ON [PRIMARY]
GO
/****** Object:  Table [dbo].[TinhTrangThietBi]    Script Date: 5/26/2026 10:28:17 PM ******/
SET ANSI_NULLS ON
GO
SET QUOTED_IDENTIFIER ON
GO
CREATE TABLE [dbo].[TinhTrangThietBi](
	[TinhTrangID] [tinyint] NOT NULL,
	[TenTinhTrang] [nvarchar](50) NOT NULL,
	[MoTa] [nvarchar](255) NULL,
 CONSTRAINT [PK_TinhTrangThietBi] PRIMARY KEY CLUSTERED 
(
	[TinhTrangID] ASC
)WITH (STATISTICS_NORECOMPUTE = OFF, IGNORE_DUP_KEY = OFF, OPTIMIZE_FOR_SEQUENTIAL_KEY = OFF) ON [PRIMARY]
) ON [PRIMARY]
GO
/****** Object:  Table [dbo].[ThietBi]    Script Date: 5/26/2026 10:28:17 PM ******/
SET ANSI_NULLS ON
GO
SET QUOTED_IDENTIFIER ON
GO
CREATE TABLE [dbo].[ThietBi](
	[ThietBiID] [int] IDENTITY(1,1) NOT NULL,
	[LoaiThietBiID] [int] NOT NULL,
	[MaTaiSan] [varchar](50) NOT NULL,
	[TinhTrangID] [tinyint] NOT NULL,
	[KhoHienTaiID] [int] NOT NULL,
	[NgayBaoTriTiepTheo] [datetime] NULL,
	[SoSerial] [varchar](50) NULL,
	[MucDichSuDung] [nvarchar](500) NULL,
	[GiaTriMay] [decimal](18, 2) NULL,
	[NgayKiemDinh] [datetime] NULL,
	[TinhTrangBanGiao] [nvarchar](1000) NULL,
	[QrCodeUrl] [nvarchar](500) NULL,
 CONSTRAINT [PK_ThietBi] PRIMARY KEY CLUSTERED 
(
	[ThietBiID] ASC
)WITH (STATISTICS_NORECOMPUTE = OFF, IGNORE_DUP_KEY = OFF, OPTIMIZE_FOR_SEQUENTIAL_KEY = OFF) ON [PRIMARY]
) ON [PRIMARY]
GO
/****** Object:  Table [dbo].[ChiTietThue]    Script Date: 5/26/2026 10:28:17 PM ******/
SET ANSI_NULLS ON
GO
SET QUOTED_IDENTIFIER ON
GO
CREATE TABLE [dbo].[ChiTietThue](
	[HopDongID] [int] NOT NULL,
	[ThietBiID] [int] NOT NULL,
	[GiaThueThucTe] [decimal](18, 2) NOT NULL,
 CONSTRAINT [PK_ChiTietThue] PRIMARY KEY CLUSTERED 
(
	[HopDongID] ASC,
	[ThietBiID] ASC
)WITH (STATISTICS_NORECOMPUTE = OFF, IGNORE_DUP_KEY = OFF, OPTIMIZE_FOR_SEQUENTIAL_KEY = OFF) ON [PRIMARY]
) ON [PRIMARY]
GO
/****** Object:  Table [dbo].[Kho]    Script Date: 5/26/2026 10:28:17 PM ******/
SET ANSI_NULLS ON
GO
SET QUOTED_IDENTIFIER ON
GO
CREATE TABLE [dbo].[Kho](
	[KhoID] [int] IDENTITY(1,1) NOT NULL,
	[TenKho] [nvarchar](200) NOT NULL,
	[DiaChi] [nvarchar](500) NULL,
	[NguoiPhuTrach] [nvarchar](100) NULL,
	[SoDienThoai] [varchar](20) NULL,
 CONSTRAINT [PK_Kho] PRIMARY KEY CLUSTERED 
(
	[KhoID] ASC
)WITH (STATISTICS_NORECOMPUTE = OFF, IGNORE_DUP_KEY = OFF, OPTIMIZE_FOR_SEQUENTIAL_KEY = OFF) ON [PRIMARY]
) ON [PRIMARY]
GO
/****** Object:  View [dbo].[v_ChiTietHopDong]    Script Date: 5/26/2026 10:28:17 PM ******/
SET ANSI_NULLS ON
GO
SET QUOTED_IDENTIFIER ON
GO

-- View thiết bị trong từng hợp đồng kèm thông tin chi tiết
--   Dùng cho màn hình chi tiết hợp đồng (cả online lẫn offline cache)
CREATE VIEW [dbo].[v_ChiTietHopDong] AS
SELECT
    ctt.HopDongID,
    tb.ThietBiID,
    tb.MaTaiSan,
    ltb.TenLoaiThietBi,
    ltb.ThongSoKyThuat,
    ltb.AnhDaiDien,
    ctt.GiaThueThucTe,
    tt.TenTinhTrang     AS TinhTrangHienTai,
    k.TenKho            AS KhoHienTai
FROM  ChiTietThue       ctt
JOIN  ThietBi           tb  ON tb.ThietBiID       = ctt.ThietBiID
JOIN  LoaiThietBi       ltb ON ltb.LoaiThietBiID  = tb.LoaiThietBiID
JOIN  TinhTrangThietBi  tt  ON tt.TinhTrangID      = tb.TinhTrangID
JOIN  Kho               k   ON k.KhoID             = tb.KhoHienTaiID;
GO
/****** Object:  Table [dbo].[NguoiDung]    Script Date: 5/26/2026 10:28:17 PM ******/
SET ANSI_NULLS ON
GO
SET QUOTED_IDENTIFIER ON
GO
CREATE TABLE [dbo].[NguoiDung](
	[NguoiDungID] [int] IDENTITY(1,1) NOT NULL,
	[MaNguoiDung] [varchar](20) NOT NULL,
	[HoTen] [nvarchar](150) NOT NULL,
	[TaiKhoan] [varchar](100) NOT NULL,
	[MatKhau] [varchar](255) NOT NULL,
	[VaiTroID] [tinyint] NOT NULL,
	[KhoID] [int] NULL,
	[SoDienThoai] [varchar](20) NULL,
	[Email] [varchar](100) NULL,
	[DiaChi] [nvarchar](255) NULL,
	[LoaiKhachHangID] [tinyint] NULL,
	[MaSoThue] [varchar](50) NULL,
	[TrangThaiID] [tinyint] NOT NULL,
	[NgayTao] [datetime] NOT NULL,
	[LanDangNhapCuoi] [datetime] NULL,
	[DoiMatKhauLanDau] [bit] NOT NULL,
	[Avt] [nchar](50) NULL,
	[CCCD] [varchar](20) NULL,
	[CccdNgayCap] [datetime] NULL,
	[CccdNoiCap] [nvarchar](200) NULL,
	[DonViCongTac] [nvarchar](200) NULL,
 CONSTRAINT [PK_NguoiDung] PRIMARY KEY CLUSTERED 
(
	[NguoiDungID] ASC
)WITH (STATISTICS_NORECOMPUTE = OFF, IGNORE_DUP_KEY = OFF, OPTIMIZE_FOR_SEQUENTIAL_KEY = OFF) ON [PRIMARY]
) ON [PRIMARY]
GO
/****** Object:  Table [dbo].[TrangThaiHopDong]    Script Date: 5/26/2026 10:28:17 PM ******/
SET ANSI_NULLS ON
GO
SET QUOTED_IDENTIFIER ON
GO
CREATE TABLE [dbo].[TrangThaiHopDong](
	[TrangThaiID] [tinyint] NOT NULL,
	[TenTrangThai] [nvarchar](60) NOT NULL,
 CONSTRAINT [PK_TrangThaiHopDong] PRIMARY KEY CLUSTERED 
(
	[TrangThaiID] ASC
)WITH (STATISTICS_NORECOMPUTE = OFF, IGNORE_DUP_KEY = OFF, OPTIMIZE_FOR_SEQUENTIAL_KEY = OFF) ON [PRIMARY]
) ON [PRIMARY]
GO
/****** Object:  Table [dbo].[HopDongThue]    Script Date: 5/26/2026 10:28:17 PM ******/
SET ANSI_NULLS ON
GO
SET QUOTED_IDENTIFIER ON
GO
CREATE TABLE [dbo].[HopDongThue](
	[HopDongID] [int] IDENTITY(1,1) NOT NULL,
	[NguoiDungKhachID] [int] NOT NULL,
	[NguoiDungTaoID] [int] NOT NULL,
	[NgayLap] [datetime] NOT NULL,
	[NgayBatDauThue] [datetime] NOT NULL,
	[NgayDuKienTra] [datetime] NOT NULL,
	[NgayTraThucTe] [datetime] NULL,
	[DiaDiemGiao] [nvarchar](500) NOT NULL,
	[TienCoc] [decimal](18, 2) NOT NULL,
	[TongTienThue] [decimal](18, 2) NOT NULL,
	[PhiBoiThuong] [decimal](18, 2) NOT NULL,
	[TrangThaiID] [tinyint] NOT NULL,
	[NguonTao] [tinyint] NOT NULL,
	[GhiChu] [nvarchar](500) NULL,
	[DiaChiGiaoID] [int] NULL,
	[PhuongThucThanhToan] [tinyint] NULL,
	[ThueVAT] [decimal](18, 2) NOT NULL,
	[PhiTreHanPhanTram] [decimal](5, 2) NOT NULL,
	[SoNgayTreHanMoiKy] [int] NOT NULL,
	[SoNgayViPhamChamDut] [int] NOT NULL,
	[PhiVeSinhChuyenSau] [decimal](18, 2) NOT NULL,
	[KhauHaoHaoMonNam] [decimal](18, 2) NULL,
	[PhiGianDoanPhanTram] [decimal](5, 2) NOT NULL,
	[GhiChuKhachHang] [nvarchar](500) NULL,
	[NgayKyDienTu] [datetime] NULL,
	[MaPinXacNhan] [varchar](255) NULL,
 CONSTRAINT [PK_HopDongThue] PRIMARY KEY CLUSTERED 
(
	[HopDongID] ASC
)WITH (STATISTICS_NORECOMPUTE = OFF, IGNORE_DUP_KEY = OFF, OPTIMIZE_FOR_SEQUENTIAL_KEY = OFF) ON [PRIMARY]
) ON [PRIMARY]
GO
/****** Object:  View [dbo].[v_HopDongTongQuan]    Script Date: 5/26/2026 10:28:17 PM ******/
SET ANSI_NULLS ON
GO
SET QUOTED_IDENTIFIER ON
GO

-- View tổng quan hợp đồng kèm thông tin khách hàng
CREATE VIEW [dbo].[v_HopDongTongQuan] AS
SELECT
    hd.HopDongID,
    hd.NgayLap,
    hd.NgayBatDauThue,
    hd.NgayDuKienTra,
    hd.NgayTraThucTe,
    hd.DiaDiemGiao,
    hd.TienCoc,
    hd.TongTienThue,
    hd.PhiBoiThuong,
    hd.TongTienThue + hd.PhiBoiThuong - hd.TienCoc AS SoTienThanhToan,
    hd.NguonTao,
    tt.TenTrangThai AS TrangThai,
    kh.NguoiDungID  AS KhachHangID,
    kh.HoTen        AS TenKhachHang,
    kh.SoDienThoai  AS DienThoaiKH,
    kh.Email        AS EmailKH,
    nd.HoTen        AS NguoiTao
FROM  HopDongThue       hd
JOIN  NguoiDung         kh ON kh.NguoiDungID = hd.NguoiDungKhachID
JOIN  NguoiDung         nd ON nd.NguoiDungID = hd.NguoiDungTaoID
JOIN  TrangThaiHopDong  tt ON tt.TrangThaiID = hd.TrangThaiID;
GO
/****** Object:  Table [dbo].[LichSuBaoTri]    Script Date: 5/26/2026 10:28:17 PM ******/
SET ANSI_NULLS ON
GO
SET QUOTED_IDENTIFIER ON
GO
CREATE TABLE [dbo].[LichSuBaoTri](
	[BaoTriID] [int] IDENTITY(1,1) NOT NULL,
	[ThietBiID] [int] NOT NULL,
	[NguoiDungBaoTriID] [int] NOT NULL,
	[HopDongID] [int] NULL,
	[NgayThucHien] [datetime] NOT NULL,
	[LoaiBaoTriID] [tinyint] NOT NULL,
	[NoiDungBaoTri] [nvarchar](max) NOT NULL,
	[ChiPhi] [decimal](18, 2) NOT NULL,
	[TrangThaiID] [tinyint] NOT NULL,
	[TinhVaoBoiThuong] [bit] NOT NULL,
	[GhiChu] [nvarchar](500) NULL,
 CONSTRAINT [PK_LichSuBaoTri] PRIMARY KEY CLUSTERED 
(
	[BaoTriID] ASC
)WITH (STATISTICS_NORECOMPUTE = OFF, IGNORE_DUP_KEY = OFF, OPTIMIZE_FOR_SEQUENTIAL_KEY = OFF) ON [PRIMARY]
) ON [PRIMARY] TEXTIMAGE_ON [PRIMARY]
GO
/****** Object:  View [dbo].[v_ThanhLyHopDong]    Script Date: 5/26/2026 10:28:17 PM ******/
SET ANSI_NULLS ON
GO
SET QUOTED_IDENTIFIER ON
GO

-- View bảng thanh lý cuối kỳ
CREATE VIEW [dbo].[v_ThanhLyHopDong] AS
SELECT
    hd.HopDongID,
    hd.TongTienThue,
    hd.PhiBoiThuong,
    hd.TienCoc,
    hd.TongTienThue + hd.PhiBoiThuong - hd.TienCoc AS SoTienConLai,
    CASE
        WHEN hd.TongTienThue + hd.PhiBoiThuong - hd.TienCoc > 0
        THEN N'Khách hàng cần thanh toán thêm'
        WHEN hd.TongTienThue + hd.PhiBoiThuong - hd.TienCoc < 0
        THEN N'Hoàn tiền cho khách hàng'
        ELSE N'Không cần thanh toán thêm'
    END AS GhiChuThanhLy,
    -- Chi tiết bồi thường
    (
        SELECT COUNT(*) FROM LichSuBaoTri lsbt
        WHERE lsbt.HopDongID = hd.HopDongID AND lsbt.TinhVaoBoiThuong = 1
    ) AS SoPhieuBoiThuong
FROM HopDongThue hd;
GO
/****** Object:  Table [dbo].[DanhMucThietBi]    Script Date: 5/26/2026 10:28:17 PM ******/
SET ANSI_NULLS ON
GO
SET QUOTED_IDENTIFIER ON
GO
CREATE TABLE [dbo].[DanhMucThietBi](
	[DanhMucID] [int] IDENTITY(1,1) NOT NULL,
	[TenDanhMuc] [nvarchar](100) NOT NULL,
 CONSTRAINT [PK_DanhMucThietBi] PRIMARY KEY CLUSTERED 
(
	[DanhMucID] ASC
)WITH (STATISTICS_NORECOMPUTE = OFF, IGNORE_DUP_KEY = OFF, OPTIMIZE_FOR_SEQUENTIAL_KEY = OFF) ON [PRIMARY]
) ON [PRIMARY]
GO
/****** Object:  View [dbo].[v_ThietBiSanSang]    Script Date: 5/26/2026 10:28:17 PM ******/
SET ANSI_NULLS ON
GO
SET QUOTED_IDENTIFIER ON
GO

-- ============================================================================
-- NHÓM 13: VIEW TIỆN ÍCH
-- ============================================================================

-- View danh sách thiết bị sẵn sàng cho thuê  (dùng cho màn hình KH duyệt danh mục)
CREATE VIEW [dbo].[v_ThietBiSanSang] AS
SELECT
    tb.ThietBiID,
    tb.MaTaiSan,
    ltb.TenLoaiThietBi,
    ltb.ThongSoKyThuat,
    ltb.GiaThueThamKhao,
    ltb.AnhDaiDien,
    dm.TenDanhMuc,
    k.TenKho,
    k.DiaChi    AS DiaChiKho
FROM  ThietBi       tb
JOIN  LoaiThietBi   ltb ON ltb.LoaiThietBiID = tb.LoaiThietBiID
JOIN  DanhMucThietBi dm  ON dm.DanhMucID     = ltb.DanhMucID
JOIN  Kho           k   ON k.KhoID           = tb.KhoHienTaiID
WHERE tb.TinhTrangID = 1;   -- chỉ "Sẵn sàng"
GO
/****** Object:  Table [dbo].[ChiTietPhieuNhap]    Script Date: 5/26/2026 10:28:17 PM ******/
SET ANSI_NULLS ON
GO
SET QUOTED_IDENTIFIER ON
GO
CREATE TABLE [dbo].[ChiTietPhieuNhap](
	[PhieuNhapID] [int] NOT NULL,
	[LoaiThietBiID] [int] NOT NULL,
	[SoLuong] [int] NOT NULL,
	[DonGiaNhap] [decimal](18, 2) NOT NULL,
 CONSTRAINT [PK_ChiTietPhieuNhap] PRIMARY KEY CLUSTERED 
(
	[PhieuNhapID] ASC,
	[LoaiThietBiID] ASC
)WITH (STATISTICS_NORECOMPUTE = OFF, IGNORE_DUP_KEY = OFF, OPTIMIZE_FOR_SEQUENTIAL_KEY = OFF) ON [PRIMARY]
) ON [PRIMARY]
GO
/****** Object:  Table [dbo].[ChiTietThueThietBi]    Script Date: 5/26/2026 10:28:17 PM ******/
SET ANSI_NULLS ON
GO
SET QUOTED_IDENTIFIER ON
GO
CREATE TABLE [dbo].[ChiTietThueThietBi](
	[ChiTietID] [int] IDENTITY(1,1) NOT NULL,
	[HopDongID] [int] NOT NULL,
	[ThietBiID] [int] NOT NULL,
	[GiaThueThang] [decimal](18, 2) NOT NULL,
	[GiaTriMay] [decimal](18, 2) NOT NULL,
	[TinhTrangGiao] [nvarchar](1000) NULL,
	[TinhTrangTra] [nvarchar](1000) NULL,
	[NgayGiao] [datetime] NULL,
	[NgayTra] [datetime] NULL,
 CONSTRAINT [PK_ChiTietThueThietBi] PRIMARY KEY CLUSTERED 
(
	[ChiTietID] ASC
)WITH (STATISTICS_NORECOMPUTE = OFF, IGNORE_DUP_KEY = OFF, OPTIMIZE_FOR_SEQUENTIAL_KEY = OFF) ON [PRIMARY]
) ON [PRIMARY]
GO
/****** Object:  Table [dbo].[ChuKyDienTu]    Script Date: 5/26/2026 10:28:17 PM ******/
SET ANSI_NULLS ON
GO
SET QUOTED_IDENTIFIER ON
GO
CREATE TABLE [dbo].[ChuKyDienTu](
	[ChuKyID] [int] IDENTITY(1,1) NOT NULL,
	[HopDongID] [int] NOT NULL,
	[NguoiDungID] [int] NOT NULL,
	[DuLieuChuKy] [varbinary](max) NOT NULL,
	[MaPinHash] [varchar](255) NOT NULL,
	[NgayKy] [datetime] NOT NULL,
	[IpAddress] [varchar](45) NULL,
	[ThietBiKy] [nvarchar](200) NULL,
 CONSTRAINT [PK_ChuKyDienTu] PRIMARY KEY CLUSTERED 
(
	[ChuKyID] ASC
)WITH (STATISTICS_NORECOMPUTE = OFF, IGNORE_DUP_KEY = OFF, OPTIMIZE_FOR_SEQUENTIAL_KEY = OFF) ON [PRIMARY]
) ON [PRIMARY] TEXTIMAGE_ON [PRIMARY]
GO
/****** Object:  Table [dbo].[DiaChiGiaoHang]    Script Date: 5/26/2026 10:28:17 PM ******/
SET ANSI_NULLS ON
GO
SET QUOTED_IDENTIFIER ON
GO
CREATE TABLE [dbo].[DiaChiGiaoHang](
	[DiaChiID] [int] IDENTITY(1,1) NOT NULL,
	[NguoiDungID] [int] NOT NULL,
	[TenNguoiNhan] [nvarchar](150) NOT NULL,
	[SoDienThoai] [varchar](20) NOT NULL,
	[TinhThanhPho] [nvarchar](100) NOT NULL,
	[PhuongXa] [nvarchar](100) NOT NULL,
	[DiaChiChiTiet] [nvarchar](500) NOT NULL,
	[DonVi] [nvarchar](200) NULL,
	[LoaiDiaChi] [tinyint] NOT NULL,
	[LaMacDinh] [bit] NOT NULL,
	[NgayTao] [datetime] NOT NULL,
	[NgayCapNhat] [datetime] NULL,
 CONSTRAINT [PK_DiaChiGiaoHang] PRIMARY KEY CLUSTERED 
(
	[DiaChiID] ASC
)WITH (STATISTICS_NORECOMPUTE = OFF, IGNORE_DUP_KEY = OFF, OPTIMIZE_FOR_SEQUENTIAL_KEY = OFF) ON [PRIMARY]
) ON [PRIMARY]
GO
/****** Object:  Table [dbo].[DieuKhoanHopDong]    Script Date: 5/26/2026 10:28:17 PM ******/
SET ANSI_NULLS ON
GO
SET QUOTED_IDENTIFIER ON
GO
CREATE TABLE [dbo].[DieuKhoanHopDong](
	[DieuKhoanID] [int] IDENTITY(1,1) NOT NULL,
	[TieuDe] [nvarchar](200) NOT NULL,
	[NoiDung] [nvarchar](max) NOT NULL,
	[PhienBan] [varchar](20) NOT NULL,
	[NgayHieuLuc] [date] NOT NULL,
	[IsActive] [bit] NOT NULL,
 CONSTRAINT [PK_DieuKhoanHopDong] PRIMARY KEY CLUSTERED 
(
	[DieuKhoanID] ASC
)WITH (STATISTICS_NORECOMPUTE = OFF, IGNORE_DUP_KEY = OFF, OPTIMIZE_FOR_SEQUENTIAL_KEY = OFF) ON [PRIMARY]
) ON [PRIMARY] TEXTIMAGE_ON [PRIMARY]
GO
/****** Object:  Table [dbo].[DieuKhoanMauHopDong]    Script Date: 5/26/2026 10:28:17 PM ******/
SET ANSI_NULLS ON
GO
SET QUOTED_IDENTIFIER ON
GO
CREATE TABLE [dbo].[DieuKhoanMauHopDong](
	[DieuKhoanID] [int] IDENTITY(1,1) NOT NULL,
	[SoDieu] [int] NOT NULL,
	[TieuDe] [nvarchar](200) NOT NULL,
	[NoiDung] [nvarchar](max) NOT NULL,
	[PhienBan] [int] NOT NULL,
	[DangHoatDong] [bit] NOT NULL,
	[NgayTao] [datetime] NOT NULL,
	[NgayCapNhat] [datetime] NULL,
 CONSTRAINT [PK_DieuKhoanMauHD] PRIMARY KEY CLUSTERED 
(
	[DieuKhoanID] ASC
)WITH (STATISTICS_NORECOMPUTE = OFF, IGNORE_DUP_KEY = OFF, OPTIMIZE_FOR_SEQUENTIAL_KEY = OFF) ON [PRIMARY]
) ON [PRIMARY] TEXTIMAGE_ON [PRIMARY]
GO
/****** Object:  Table [dbo].[FCMToken]    Script Date: 5/26/2026 10:28:17 PM ******/
SET ANSI_NULLS ON
GO
SET QUOTED_IDENTIFIER ON
GO
CREATE TABLE [dbo].[FCMToken](
	[TokenID] [int] IDENTITY(1,1) NOT NULL,
	[NguoiDungID] [int] NOT NULL,
	[Token] [varchar](500) NOT NULL,
	[DeviceName] [nvarchar](100) NULL,
	[NgayCapNhat] [datetime] NOT NULL,
PRIMARY KEY CLUSTERED 
(
	[TokenID] ASC
)WITH (STATISTICS_NORECOMPUTE = OFF, IGNORE_DUP_KEY = OFF, OPTIMIZE_FOR_SEQUENTIAL_KEY = OFF) ON [PRIMARY]
) ON [PRIMARY]
GO
/****** Object:  Table [dbo].[GioHang]    Script Date: 5/26/2026 10:28:17 PM ******/
SET ANSI_NULLS ON
GO
SET QUOTED_IDENTIFIER ON
GO
CREATE TABLE [dbo].[GioHang](
	[GioHangID] [int] IDENTITY(1,1) NOT NULL,
	[NguoiDungID] [int] NOT NULL,
	[NgayThem] [datetime] NOT NULL,
	[LoaiThietBiID] [int] NOT NULL,
	[SoLuong] [int] NOT NULL,
 CONSTRAINT [PK_GioHang] PRIMARY KEY CLUSTERED 
(
	[GioHangID] ASC
)WITH (STATISTICS_NORECOMPUTE = OFF, IGNORE_DUP_KEY = OFF, OPTIMIZE_FOR_SEQUENTIAL_KEY = OFF) ON [PRIMARY]
) ON [PRIMARY]
GO
/****** Object:  Table [dbo].[HinhAnhThietBi]    Script Date: 5/26/2026 10:28:17 PM ******/
SET ANSI_NULLS ON
GO
SET QUOTED_IDENTIFIER ON
GO
CREATE TABLE [dbo].[HinhAnhThietBi](
	[HinhAnhID] [int] IDENTITY(1,1) NOT NULL,
	[ThietBiID] [int] NOT NULL,
	[NguoiDungChupID] [int] NOT NULL,
	[UrlAnh] [varchar](500) NOT NULL,
	[LoaiAnhID] [tinyint] NOT NULL,
	[NgayChup] [datetime] NOT NULL,
	[BanGiaoID] [int] NULL,
	[BaoTriID] [int] NULL,
 CONSTRAINT [PK_HinhAnhThietBi] PRIMARY KEY CLUSTERED 
(
	[HinhAnhID] ASC
)WITH (STATISTICS_NORECOMPUTE = OFF, IGNORE_DUP_KEY = OFF, OPTIMIZE_FOR_SEQUENTIAL_KEY = OFF) ON [PRIMARY]
) ON [PRIMARY]
GO
/****** Object:  Table [dbo].[LichSuBanGiao]    Script Date: 5/26/2026 10:28:17 PM ******/
SET ANSI_NULLS ON
GO
SET QUOTED_IDENTIFIER ON
GO
CREATE TABLE [dbo].[LichSuBanGiao](
	[BanGiaoID] [int] IDENTITY(1,1) NOT NULL,
	[HopDongID] [int] NULL,
	[ThietBiID] [int] NOT NULL,
	[TuKhoID] [int] NOT NULL,
	[DenKhoID] [int] NULL,
	[NguoiDungThucHienID] [int] NOT NULL,
	[NgayGiaoNhan] [datetime] NOT NULL,
	[NguoiNhan] [nvarchar](100) NULL,
	[HinhAnhXacNhan] [varchar](500) NULL,
	[LoaiGiaoDichID] [tinyint] NOT NULL,
	[MucDanhGiaID] [tinyint] NULL,
	[GhiChu_TinhTrang] [nvarchar](500) NULL,
 CONSTRAINT [PK_LichSuBanGiao] PRIMARY KEY CLUSTERED 
(
	[BanGiaoID] ASC
)WITH (STATISTICS_NORECOMPUTE = OFF, IGNORE_DUP_KEY = OFF, OPTIMIZE_FOR_SEQUENTIAL_KEY = OFF) ON [PRIMARY]
) ON [PRIMARY]
GO
/****** Object:  Table [dbo].[LoaiAnh]    Script Date: 5/26/2026 10:28:17 PM ******/
SET ANSI_NULLS ON
GO
SET QUOTED_IDENTIFIER ON
GO
CREATE TABLE [dbo].[LoaiAnh](
	[LoaiAnhID] [tinyint] NOT NULL,
	[TenLoai] [nvarchar](50) NOT NULL,
 CONSTRAINT [PK_LoaiAnh] PRIMARY KEY CLUSTERED 
(
	[LoaiAnhID] ASC
)WITH (STATISTICS_NORECOMPUTE = OFF, IGNORE_DUP_KEY = OFF, OPTIMIZE_FOR_SEQUENTIAL_KEY = OFF) ON [PRIMARY]
) ON [PRIMARY]
GO
/****** Object:  Table [dbo].[LoaiBaoTri]    Script Date: 5/26/2026 10:28:17 PM ******/
SET ANSI_NULLS ON
GO
SET QUOTED_IDENTIFIER ON
GO
CREATE TABLE [dbo].[LoaiBaoTri](
	[LoaiBaoTriID] [tinyint] NOT NULL,
	[TenLoai] [nvarchar](50) NOT NULL,
 CONSTRAINT [PK_LoaiBaoTri] PRIMARY KEY CLUSTERED 
(
	[LoaiBaoTriID] ASC
)WITH (STATISTICS_NORECOMPUTE = OFF, IGNORE_DUP_KEY = OFF, OPTIMIZE_FOR_SEQUENTIAL_KEY = OFF) ON [PRIMARY]
) ON [PRIMARY]
GO
/****** Object:  Table [dbo].[LoaiGiaoDich]    Script Date: 5/26/2026 10:28:17 PM ******/
SET ANSI_NULLS ON
GO
SET QUOTED_IDENTIFIER ON
GO
CREATE TABLE [dbo].[LoaiGiaoDich](
	[LoaiGiaoDichID] [tinyint] NOT NULL,
	[TenLoai] [nvarchar](50) NOT NULL,
 CONSTRAINT [PK_LoaiGiaoDich] PRIMARY KEY CLUSTERED 
(
	[LoaiGiaoDichID] ASC
)WITH (STATISTICS_NORECOMPUTE = OFF, IGNORE_DUP_KEY = OFF, OPTIMIZE_FOR_SEQUENTIAL_KEY = OFF) ON [PRIMARY]
) ON [PRIMARY]
GO
/****** Object:  Table [dbo].[LoaiKhachHang]    Script Date: 5/26/2026 10:28:17 PM ******/
SET ANSI_NULLS ON
GO
SET QUOTED_IDENTIFIER ON
GO
CREATE TABLE [dbo].[LoaiKhachHang](
	[LoaiID] [tinyint] NOT NULL,
	[TenLoai] [nvarchar](50) NOT NULL,
 CONSTRAINT [PK_LoaiKhachHang] PRIMARY KEY CLUSTERED 
(
	[LoaiID] ASC
)WITH (STATISTICS_NORECOMPUTE = OFF, IGNORE_DUP_KEY = OFF, OPTIMIZE_FOR_SEQUENTIAL_KEY = OFF) ON [PRIMARY]
) ON [PRIMARY]
GO
/****** Object:  Table [dbo].[MucDanhGia]    Script Date: 5/26/2026 10:28:17 PM ******/
SET ANSI_NULLS ON
GO
SET QUOTED_IDENTIFIER ON
GO
CREATE TABLE [dbo].[MucDanhGia](
	[MucDanhGiaID] [tinyint] NOT NULL,
	[TenMuc] [nvarchar](60) NOT NULL,
	[TinhVaoBoiThuong] [bit] NOT NULL,
	[MoTa] [nvarchar](255) NULL,
 CONSTRAINT [PK_MucDanhGia] PRIMARY KEY CLUSTERED 
(
	[MucDanhGiaID] ASC
)WITH (STATISTICS_NORECOMPUTE = OFF, IGNORE_DUP_KEY = OFF, OPTIMIZE_FOR_SEQUENTIAL_KEY = OFF) ON [PRIMARY]
) ON [PRIMARY]
GO
/****** Object:  Table [dbo].[NhaCungCap]    Script Date: 5/26/2026 10:28:17 PM ******/
SET ANSI_NULLS ON
GO
SET QUOTED_IDENTIFIER ON
GO
CREATE TABLE [dbo].[NhaCungCap](
	[NhaCungCapID] [int] IDENTITY(1,1) NOT NULL,
	[TenNhaCungCap] [nvarchar](150) NOT NULL,
	[NguoiLienHe] [nvarchar](100) NULL,
	[SoDienThoai] [varchar](20) NULL,
	[DiaChi] [nvarchar](255) NULL,
 CONSTRAINT [PK_NhaCungCap] PRIMARY KEY CLUSTERED 
(
	[NhaCungCapID] ASC
)WITH (STATISTICS_NORECOMPUTE = OFF, IGNORE_DUP_KEY = OFF, OPTIMIZE_FOR_SEQUENTIAL_KEY = OFF) ON [PRIMARY]
) ON [PRIMARY]
GO
/****** Object:  Table [dbo].[PhieuNhap]    Script Date: 5/26/2026 10:28:17 PM ******/
SET ANSI_NULLS ON
GO
SET QUOTED_IDENTIFIER ON
GO
CREATE TABLE [dbo].[PhieuNhap](
	[PhieuNhapID] [int] IDENTITY(1,1) NOT NULL,
	[NhaCungCapID] [int] NOT NULL,
	[NguoiDungNhapID] [int] NOT NULL,
	[NgayNhap] [datetime] NOT NULL,
	[TongTienNhap] [decimal](18, 2) NOT NULL,
	[GhiChu] [nvarchar](500) NULL,
 CONSTRAINT [PK_PhieuNhap] PRIMARY KEY CLUSTERED 
(
	[PhieuNhapID] ASC
)WITH (STATISTICS_NORECOMPUTE = OFF, IGNORE_DUP_KEY = OFF, OPTIMIZE_FOR_SEQUENTIAL_KEY = OFF) ON [PRIMARY]
) ON [PRIMARY]
GO
/****** Object:  Table [dbo].[ThanhToan]    Script Date: 5/26/2026 10:28:17 PM ******/
SET ANSI_NULLS ON
GO
SET QUOTED_IDENTIFIER ON
GO
CREATE TABLE [dbo].[ThanhToan](
	[ThanhToanID] [int] IDENTITY(1,1) NOT NULL,
	[HopDongID] [int] NOT NULL,
	[PhuongThuc] [tinyint] NOT NULL,
	[LoaiThanhToan] [tinyint] NOT NULL,
	[MaGiaoDich] [varchar](100) NULL,
	[SoTien] [decimal](18, 2) NOT NULL,
	[TrangThai] [tinyint] NOT NULL,
	[NgayThanhToan] [datetime] NULL,
	[NgayTao] [datetime] NOT NULL,
	[GhiChu] [nvarchar](500) NULL,
 CONSTRAINT [PK_ThanhToan] PRIMARY KEY CLUSTERED 
(
	[ThanhToanID] ASC
)WITH (STATISTICS_NORECOMPUTE = OFF, IGNORE_DUP_KEY = OFF, OPTIMIZE_FOR_SEQUENTIAL_KEY = OFF) ON [PRIMARY]
) ON [PRIMARY]
GO
/****** Object:  Table [dbo].[ThongBao]    Script Date: 5/26/2026 10:28:17 PM ******/
SET ANSI_NULLS ON
GO
SET QUOTED_IDENTIFIER ON
GO
CREATE TABLE [dbo].[ThongBao](
	[ThongBaoID] [int] IDENTITY(1,1) NOT NULL,
	[TieuDe] [nvarchar](200) NOT NULL,
	[NoiDung] [nvarchar](max) NOT NULL,
	[LoaiThongBao] [tinyint] NOT NULL,
	[NguoiGuiID] [int] NOT NULL,
	[VaiTroNhanID] [tinyint] NULL,
	[NgayTao] [datetime] NOT NULL,
PRIMARY KEY CLUSTERED 
(
	[ThongBaoID] ASC
)WITH (STATISTICS_NORECOMPUTE = OFF, IGNORE_DUP_KEY = OFF, OPTIMIZE_FOR_SEQUENTIAL_KEY = OFF) ON [PRIMARY]
) ON [PRIMARY] TEXTIMAGE_ON [PRIMARY]
GO
/****** Object:  Table [dbo].[ThongBaoNguoiDung]    Script Date: 5/26/2026 10:28:17 PM ******/
SET ANSI_NULLS ON
GO
SET QUOTED_IDENTIFIER ON
GO
CREATE TABLE [dbo].[ThongBaoNguoiDung](
	[ThongBaoNguoiDungID] [int] IDENTITY(1,1) NOT NULL,
	[ThongBaoID] [int] NOT NULL,
	[NguoiDungID] [int] NOT NULL,
	[DaDoc] [bit] NOT NULL,
	[NgayDoc] [datetime] NULL,
PRIMARY KEY CLUSTERED 
(
	[ThongBaoNguoiDungID] ASC
)WITH (STATISTICS_NORECOMPUTE = OFF, IGNORE_DUP_KEY = OFF, OPTIMIZE_FOR_SEQUENTIAL_KEY = OFF) ON [PRIMARY]
) ON [PRIMARY]
GO
/****** Object:  Table [dbo].[TrangThaiBaoTri]    Script Date: 5/26/2026 10:28:17 PM ******/
SET ANSI_NULLS ON
GO
SET QUOTED_IDENTIFIER ON
GO
CREATE TABLE [dbo].[TrangThaiBaoTri](
	[TrangThaiID] [tinyint] NOT NULL,
	[TenTrangThai] [nvarchar](50) NOT NULL,
 CONSTRAINT [PK_TrangThaiBaoTri] PRIMARY KEY CLUSTERED 
(
	[TrangThaiID] ASC
)WITH (STATISTICS_NORECOMPUTE = OFF, IGNORE_DUP_KEY = OFF, OPTIMIZE_FOR_SEQUENTIAL_KEY = OFF) ON [PRIMARY]
) ON [PRIMARY]
GO
/****** Object:  Table [dbo].[TrangThaiNguoiDung]    Script Date: 5/26/2026 10:28:17 PM ******/
SET ANSI_NULLS ON
GO
SET QUOTED_IDENTIFIER ON
GO
CREATE TABLE [dbo].[TrangThaiNguoiDung](
	[TrangThaiID] [tinyint] NOT NULL,
	[TenTrangThai] [nvarchar](50) NOT NULL,
 CONSTRAINT [PK_TrangThaiNguoiDung] PRIMARY KEY CLUSTERED 
(
	[TrangThaiID] ASC
)WITH (STATISTICS_NORECOMPUTE = OFF, IGNORE_DUP_KEY = OFF, OPTIMIZE_FOR_SEQUENTIAL_KEY = OFF) ON [PRIMARY]
) ON [PRIMARY]
GO
/****** Object:  Table [dbo].[VaiTro]    Script Date: 5/26/2026 10:28:17 PM ******/
SET ANSI_NULLS ON
GO
SET QUOTED_IDENTIFIER ON
GO
CREATE TABLE [dbo].[VaiTro](
	[VaiTroID] [tinyint] NOT NULL,
	[TenVaiTro] [nvarchar](50) NOT NULL,
	[MoTa] [nvarchar](255) NULL,
 CONSTRAINT [PK_VaiTro] PRIMARY KEY CLUSTERED 
(
	[VaiTroID] ASC
)WITH (STATISTICS_NORECOMPUTE = OFF, IGNORE_DUP_KEY = OFF, OPTIMIZE_FOR_SEQUENTIAL_KEY = OFF) ON [PRIMARY]
) ON [PRIMARY]
GO
/****** Object:  Table [dbo].[XacNhanDieuKhoan]    Script Date: 5/26/2026 10:28:17 PM ******/
SET ANSI_NULLS ON
GO
SET QUOTED_IDENTIFIER ON
GO
CREATE TABLE [dbo].[XacNhanDieuKhoan](
	[HopDongID] [int] NOT NULL,
	[DieuKhoanID] [int] NOT NULL,
	[ThoiGianXacNhan] [datetime] NOT NULL,
	[DiaChiIP] [varchar](50) NULL,
 CONSTRAINT [PK_XacNhanDieuKhoan] PRIMARY KEY CLUSTERED 
(
	[HopDongID] ASC,
	[DieuKhoanID] ASC
)WITH (STATISTICS_NORECOMPUTE = OFF, IGNORE_DUP_KEY = OFF, OPTIMIZE_FOR_SEQUENTIAL_KEY = OFF) ON [PRIMARY]
) ON [PRIMARY]
GO
SET IDENTITY_INSERT [dbo].[ChiTietThueThietBi] ON 

INSERT [dbo].[ChiTietThueThietBi] ([ChiTietID], [HopDongID], [ThietBiID], [GiaThueThang], [GiaTriMay], [TinhTrangGiao], [TinhTrangTra], [NgayGiao], [NgayTra]) VALUES (1, 1, 26, CAST(250000.00 AS Decimal(18, 2)), CAST(11000000.00 AS Decimal(18, 2)), N'Thiết bị hoạt động tốt, phụ kiện đầy đủ', NULL, NULL, NULL)
INSERT [dbo].[ChiTietThueThietBi] ([ChiTietID], [HopDongID], [ThietBiID], [GiaThueThang], [GiaTriMay], [TinhTrangGiao], [TinhTrangTra], [NgayGiao], [NgayTra]) VALUES (2, 1, 11, CAST(350000.00 AS Decimal(18, 2)), CAST(6500000.00 AS Decimal(18, 2)), N'Thiết bị hoạt động tốt, phụ kiện đầy đủ', NULL, NULL, NULL)
INSERT [dbo].[ChiTietThueThietBi] ([ChiTietID], [HopDongID], [ThietBiID], [GiaThueThang], [GiaTriMay], [TinhTrangGiao], [TinhTrangTra], [NgayGiao], [NgayTra]) VALUES (3, 1, 46, CAST(600000.00 AS Decimal(18, 2)), CAST(17000000.00 AS Decimal(18, 2)), N'Thiết bị hoạt động tốt, phụ kiện đầy đủ', NULL, NULL, NULL)
INSERT [dbo].[ChiTietThueThietBi] ([ChiTietID], [HopDongID], [ThietBiID], [GiaThueThang], [GiaTriMay], [TinhTrangGiao], [TinhTrangTra], [NgayGiao], [NgayTra]) VALUES (4, 2, 1, CAST(150000.00 AS Decimal(18, 2)), CAST(3500000.00 AS Decimal(18, 2)), N'Thiết bị hoạt động tốt, phụ kiện đầy đủ', NULL, NULL, NULL)
INSERT [dbo].[ChiTietThueThietBi] ([ChiTietID], [HopDongID], [ThietBiID], [GiaThueThang], [GiaTriMay], [TinhTrangGiao], [TinhTrangTra], [NgayGiao], [NgayTra]) VALUES (5, 2, 6, CAST(200000.00 AS Decimal(18, 2)), CAST(5000000.00 AS Decimal(18, 2)), N'Thiết bị hoạt động tốt, phụ kiện đầy đủ', NULL, NULL, NULL)
SET IDENTITY_INSERT [dbo].[ChiTietThueThietBi] OFF
GO
SET IDENTITY_INSERT [dbo].[ChuKyDienTu] ON 

INSERT [dbo].[ChuKyDienTu] ([ChuKyID], [HopDongID], [NguoiDungID], [DuLieuChuKy], [MaPinHash], [NgayKy], [IpAddress], [ThietBiKy]) VALUES (1, 1, 8, 0x89504E470D0A1A0A0000000D49484452000000AE00000067080600000099EB79920000000473424954080808087C0864880000075B49444154789CED9D6B72EB2A108447B7CEBE505686BC32E195717F24A3C218CB08F1E891E6AB4A55CE230E124DAB790826EFBD274511C67FA30BA02825A8701531CCF34CCBB21011D1BFD18551941C9C73F47C3EE9F97C12A9E32A5270CE6DDF2FCBA2C25564F0783C8888C85A4BA48EAB4880736D880A5711058B78D2715C059D699A8888685D579AE799481D5741278C092C5AD2E130650FEEC93BE75E7AF53C244544648CD90495CAA267893B658C0A57D960712ECBF222CE3DC2B1D5C7E3B109AC8688F73E4385AB9073EEAB588D31DBF7E1239B27063EFDB954C0CEB9CD6DC36CCB68E7ECC670046081302C52165D2C9A14FC7FC3CFE21851225EEE9011112525EA95628C31DE5A3BBA184518633C11BD7C596BFDBAAEA73FDB5AFBF2B9C698E29FFF747F55B88584375712EBBABE89AA865853C48D23E7F7E488D6AB70CBE14A91E6B8C698AE658FDDF79B7843B1EFFDDF4DB8D65A7195301289C2CD75B396BF774F9047CA473E52B9F29DF0712B45B8A3449BFAFD29F1F2BFE7F61BC84715D12AEF5C0969F936ACDFA31DA59AC4E2E5CE60F8F7B9E553E116204DB8B9B9B107D6DAE488C6D18EE276E7F9C346B64829488A09A323420A364AEE28968C6CBCCD9CE54EF52932E00901634C93B50425CCF34CDEFB6D8A39678223665B1D165E54B8A04279E5D36A2544D0CB3ACF7379B942FB4508F0E848CAB76811A1262FEB71798E5AE3C267F869142E3A41042516342354B18E2E7C478A8B492967292F8E3BCFF3DBCA20451E77A8BBB75777F8A29FCFA776D222D03B3B219737A0940D6B272D8D948ED9D563828FA302A39DB434123A669775D888A470754C370D37648D09007CB2628D0BAF84310179C4E52EF5F6715F058D0B69C2D7B11131C6C097B1061F85AB71E11509F7C039B709F6EAC2DD7DCB97DFB434C688A8B896F0BDB0D65E3B3B0A61770B26DEDCE1EE63BA92C66FEFC2AE70C34A5297F9A59570EF6C0C257C15AE76D23EEF5F5513E71C4DD3A48E9EC9D7DD1A43A7BDA3EBF6724275DC83E48C99DDF92DE05ED3BC7798A6AD49D6FEB87776DDF0D51705872CE1865937DE20ED2EB4CC9E614CD08C9B47F68EE4779C90D061305CB2851BBAEECFCF4FCB32C110AE06BBABE39E7AA1B12187CE80B85BD695B21AAC15E1698E68F57D48B877CABA1A13B023E1E15377EEE2BAC88FEF11A089F8B07063D745BBA05A704C68395B860E72DD169D737675D7D598F04B38CD8FB6D0AA48B8F11A06A40BAACD9D858B4CF1C9925776DD1E8B6AD009CD884D0AC9A08A853BCFF325D7EB6A4CF825759224521D9F3ACBF7CAAE4B37176E08E23A8DD38750AFEB4AF4D72AAF205E8D09EF7003465A937D5AB8571A1EBB42C3AB05FAE627A7854B74CDC87095EB28259CEE8ECFEE45A08A70AFD251D398900631EB57112E917CD71D59663447DB9BEE46A9DB6AC2A5E87576940B2C4172D96B90122E5AD6AD2ADC6559C476D43426E48132B25055B8443223839472F622D588D1DE80A92E5CE9EB1854C44268F1EA30CAD9B1B920BC1A8E5006EFF7B7534529A3CF7D3DFD289286C724469B5EC4230A508B6D5AB60A09AE8BE22212CA81B4314C13C765D05D571DF6956F7504D5416BDD32905A694C78E4FC68104EAFFFB6DD14D2018E4D1D9708374386654118BB459856FDB6DD14D2B6B3CD858BBA7A0CA91208E0D19BBB801E6506ADB97089F05CD739B7EDC683E0B668ECD511CAC9A35D841B0F8F8D166F78C347978519B958DB39276FCABB67A00E3B6A23C33DCAD053C8C8E3568FFE6E848E6417C7651022038AC3C68C5ADAB82C4BB1DB0E5D70D3BBA584AD7B84E3A10ECF8D1A6A2AB91F08C362436A6F5464E046638C818A097E9018CE98C8E859D121C21DB50867648ECCA1E79328AC8392FB31FAC935AC067B4786D11125879E9D9E507825F763745C186A3D3D2303BADBFA8EC2ADD58847C685A1B5D83332A0BBADF77D1A57CD274F8BB8B0AE6B56B986DB4F8F47B804B7F51D1EBFE17DA8712F6A97776F117B0C444DB68E0C12DCD637166E2CDA5A9F5FEB8979B4514108B7656490D0290B6991735B89D657329D788423E7732084EB7D3B8121ADB9CDA1766E6C295A1F89AEA4DE4ACB07559BB5238334B7F595E3426BD132A54F8933E58312AE8F1CF2EC8D1E3D485E4A8DD8145E7BEBE1C692C6168BF6F0CC5D5951DB512BEF4A745BE64C835BD7F5E5E77B8DB11E71DD1A4F0238E17A7F6C5824E733A4511A17E24E4ECF8981DCAC5B2BBEC0D6EA998B93ECB6CC51F1F5CAB37BEC4D23C74F82B3658415EE99C8206D242145EE53272588518D95CB124795B85119634E372CE89A2D59867805B765BEE5C6543418FDDA384FD97E126FAD3A8116AE2FE8A85CC16D995000618523B9EC27B8ECD6DAEDAB26F0B57B24325CC96D99F8311B7F21B8EC08E085EB0F4C4C5CC96D435239F14A8DB384AE2F4B9692F33A39DACE3435E1EBF7DE933186D67525EF3DEC8B9F3D98FCAF53C1136FE21157DA344DDBF7422E49398108C7A52F5B395DD96D9534621C9722D735C66CE255B7BD1FFF4617E008BC9593732EB97795BAED7D10E5B8CC3CCFC95D54045E8A5288988C1B129EA7C6A8DBDE0B918E4B7F797759966DCFAD3B0F0DDD11B1C2A53FF122ECE4ADF4E77F5715728E76C546DD0000000049454E44AE426082, N'$2a$10$ULJlgGkOLKO/Pwqjwsv2oeS5K/B0v2OtaqYLhnfc1r69qledzixDa', CAST(N'2026-05-16T18:34:32.757' AS DateTime), N'0:0:0:0:0:0:0:1', N'Dart/3.10 (dart:io)')
INSERT [dbo].[ChuKyDienTu] ([ChuKyID], [HopDongID], [NguoiDungID], [DuLieuChuKy], [MaPinHash], [NgayKy], [IpAddress], [ThietBiKy]) VALUES (2, 2, 8, 0x89504E470D0A1A0A0000000D49484452000000760000006A080600000069B3A5F10000000473424954080808087C0864880000047549444154789CED9D5D92A4201084AB37E65ED027C33919F4C96A1F7670D1D61E95BF2ACC2F62227A3AFA014D328152F4C1CC4C6038BE7A3700942384402104B2D642D8510821D0F3F99CFF7F208AC7E0F178CC9FBDF7F4A76B6B4011A6699A3F3BE7C85A4BC44035CE392622262276CECDDF238A15B31E57532911C58A5947F0828E290232D88BE0088455C86FA232C6589DA44B9B3DF930C62AC35A3B7F7E1B57531AA708C8E048044720AC1252518D31BFFE1E63AC128E8CAB29186315F071BDBA47831401199C19575310C5C2391BC11144B1602E4570A4628A800CAE467004512C94AB111C41140B242B822315520464901BC11144B1307223388228164491088E144C119041A9088E208A85502A8223886201148DE01FE0580144B73AE71622E700C776A694906FE40FFBE02AA5274C2988E28E586BE9F57A11159A30A5208A3B314DD32C6AA909530A1CDB89D2CB9B35706C076A2C6FD6C0B11DA8B1BC5903C736A6DAF2664D9C1E7BEF8B4FB9C1929ACB9B355FB4DA6769AD5D6C230075A8EEDCA8F099BBCCC1795ABA95D30245BA58F6DEC3B585A9BDBC59334F9ED2686836C0DF8416CB9B358BE54ECD12D79D69ED565A2F77E0DAF2F4702B6D1528A26B8D31144268D69051E9E156DA2A50C41EF67ABDE0DA4C7AB99568E77AAC31669E9A83EBB45CDEACD92C2962ACCDA7FB79DB531CAECDA3A75B79CFB144706D0E22CED727D5A36B51663C476FB7F227C7122D67C858FA1C43845BE9C0000AD79E43825BF937C712C1B56710E3563A38E5C525BD6348712B1F712C255513B8769FD4AD222E791EED01186B3F23C9AD7CD4B144A8217F42E4F938D30B508DDA469A5BF98C6389508DDA42EC7938DB1352D77AEFEB74374548742B9F752C115C9B22F9F82F6DF1C01D8DFFE87577C4112E6DF1806B3BDF1D7184AB197EF7B156FA0AE172ABBCF7B72D35B6BEABFF0A9777DB596BC9184374F352A3D8A128B767DCD1B5D2DDCA255ECFA221964A921EAF648AB4EE4E13292D9DB8C88EF6BB2C7F541D5BA91E7207D76A712B97722CFDEC8A8FA8EAD90751774C257BC9D9F7AF6942DB71157D6ACC344D43AE6DC5DDF672802ACF79925C1CBF82C6E3A9F29C27EFFDFC594B0FDF437CB17F8F5A199FCE9235CC22F7905EECDFA36A6BB52F813457D5AA3E726FA4C285BAF6D7EE399A7BBDD67673AB77B46B1C6FB514FBF768D6EA7892B48CB7DA3AE29A668FB5F5DECFC58BE7F329BA78A16E3CDDA2652F4AE34DB273B5BB955B4671447A3D59FBD81AE9D27AA9E26A9EC1AFE9D62D258A3B8A5BB9A7B02C6C1934925BB9B7B02C48DC74523702228EA2B7B8A3B995A5089BEE2AE8717247732B4B11963B8A3BA25B5992B0DC41DC51456569C2726371B55E443F82C8236A21EEC86E65A9C2726571EFB00554ACB091342E4B89A0E142442EE285657EBF2A94E3DED12338A24258E6FF8244075F11E52EA2B2266199DFC53D2390C48B0E3551256C641DCDBF09ACE5027F49540ACBC98B8CB7048EC26DFDE60EA2B2666123CEB94534EFFD19636E232AA7EF8FD54EBC01EDFBFB7BF1BD3186ACB563DCA0768261844D0921500861DE10A67D63D815FE02B66879EEF5EFAB030000000049454E44AE426082, N'$2a$10$iSCoRBN0415HYv8sG8dSSeZeWkc6tP2Savg/81bu4gLDNioqZjgcS', CAST(N'2026-05-18T11:47:54.043' AS DateTime), N'101.53.36.58', N'Dart/3.10 (dart:io)')
SET IDENTITY_INSERT [dbo].[ChuKyDienTu] OFF
GO
SET IDENTITY_INSERT [dbo].[DanhMucThietBi] ON 

INSERT [dbo].[DanhMucThietBi] ([DanhMucID], [TenDanhMuc]) VALUES (1, N'Y tế')
INSERT [dbo].[DanhMucThietBi] ([DanhMucID], [TenDanhMuc]) VALUES (2, N'Giáo dục')
INSERT [dbo].[DanhMucThietBi] ([DanhMucID], [TenDanhMuc]) VALUES (3, N'Sự kiện')
INSERT [dbo].[DanhMucThietBi] ([DanhMucID], [TenDanhMuc]) VALUES (4, N'Công trình')
INSERT [dbo].[DanhMucThietBi] ([DanhMucID], [TenDanhMuc]) VALUES (5, N'Công nghiệp')
INSERT [dbo].[DanhMucThietBi] ([DanhMucID], [TenDanhMuc]) VALUES (6, N'Văn Phòng')
INSERT [dbo].[DanhMucThietBi] ([DanhMucID], [TenDanhMuc]) VALUES (7, N'Cứu hộ')
SET IDENTITY_INSERT [dbo].[DanhMucThietBi] OFF
GO
SET IDENTITY_INSERT [dbo].[DiaChiGiaoHang] ON 

INSERT [dbo].[DiaChiGiaoHang] ([DiaChiID], [NguoiDungID], [TenNguoiNhan], [SoDienThoai], [TinhThanhPho], [PhuongXa], [DiaChiChiTiet], [DonVi], [LoaiDiaChi], [LaMacDinh], [NgayTao], [NgayCapNhat]) VALUES (1, 8, N'Hoàng Vũ', N'0353686501', N'Hồ Chí Minh', N'Tân Bình', N'74 Núi Thành', NULL, 1, 1, CAST(N'2026-05-16T15:47:53.597' AS DateTime), NULL)
SET IDENTITY_INSERT [dbo].[DiaChiGiaoHang] OFF
GO
SET IDENTITY_INSERT [dbo].[DieuKhoanHopDong] ON 

INSERT [dbo].[DieuKhoanHopDong] ([DieuKhoanID], [TieuDe], [NoiDung], [PhienBan], [NgayHieuLuc], [IsActive]) VALUES (1, N'Điều khoản thuê thiết bị v1.0', N'## 1. Bồi thường thiệt hại
- Hao mòn tự nhiên: bên cho thuê chịu.
- Hư hỏng do sử dụng sai: bên thuê chịu chi phí sửa chữa thực tế.
- Mất thiết bị: bên thuê bồi thường 100% giá trị tài sản.

## 2. Bảo trì trong thời gian thuê
- Lỗi kỹ thuật không do sử dụng sai: bên cho thuê xử lý.
- Khách hàng không tự ý sửa chữa; phải thông báo ngay khi phát sinh sự cố.

## 3. Thanh toán và tiền cọc
- Tiền cọc khấu trừ vào số tiền thanh toán cuối kỳ.
- Thanh toán cuối kỳ = Tổng tiền thuê + Phí bồi thường − Tiền cọc.
- Thời hạn thanh toán: 3 ngày làm việc kể từ khi xuất hoá đơn thanh lý.', N'1.0', CAST(N'2026-04-21' AS Date), 1)
SET IDENTITY_INSERT [dbo].[DieuKhoanHopDong] OFF
GO
SET IDENTITY_INSERT [dbo].[DieuKhoanMauHopDong] ON 

INSERT [dbo].[DieuKhoanMauHopDong] ([DieuKhoanID], [SoDieu], [TieuDe], [NoiDung], [PhienBan], [DangHoatDong], [NgayTao], [NgayCapNhat]) VALUES (1, 1, N'THÔNG TIN THIẾT BỊ THUÊ', N'Bên A đồng ý cho Bên B thuê thiết bị với thông tin chi tiết như bảng danh sách thiết bị đính kèm hợp đồng này.', 1, 1, CAST(N'2026-05-16T08:09:25.877' AS DateTime), NULL)
INSERT [dbo].[DieuKhoanMauHopDong] ([DieuKhoanID], [SoDieu], [TieuDe], [NoiDung], [PhienBan], [DangHoatDong], [NgayTao], [NgayCapNhat]) VALUES (2, 2, N'CHI PHÍ, THỜI GIAN THUÊ VÀ THANH TOÁN', N'Đơn giá thuê, thời hạn thuê và phương thức thanh toán theo thỏa thuận giữa hai bên, được ghi nhận tại thời điểm ký kết hợp đồng.', 1, 1, CAST(N'2026-05-16T08:09:25.890' AS DateTime), NULL)
INSERT [dbo].[DieuKhoanMauHopDong] ([DieuKhoanID], [SoDieu], [TieuDe], [NoiDung], [PhienBan], [DangHoatDong], [NgayTao], [NgayCapNhat]) VALUES (3, 3, N'QUYỀN VÀ NGHĨA VỤ CỦA BÊN A', N'Bên A có trách nhiệm giao thiết bị đúng chất lượng, đúng hạn. Hỗ trợ kỹ thuật trong suốt thời gian thuê.', 1, 1, CAST(N'2026-05-16T08:09:25.937' AS DateTime), NULL)
INSERT [dbo].[DieuKhoanMauHopDong] ([DieuKhoanID], [SoDieu], [TieuDe], [NoiDung], [PhienBan], [DangHoatDong], [NgayTao], [NgayCapNhat]) VALUES (4, 4, N'QUYỀN VÀ NGHĨA VỤ CỦA BÊN B', N'Bên B có trách nhiệm sử dụng thiết bị đúng mục đích, bảo quản cẩn thận. Thanh toán đúng hạn theo hợp đồng.', 1, 1, CAST(N'2026-05-16T08:09:25.970' AS DateTime), NULL)
INSERT [dbo].[DieuKhoanMauHopDong] ([DieuKhoanID], [SoDieu], [TieuDe], [NoiDung], [PhienBan], [DangHoatDong], [NgayTao], [NgayCapNhat]) VALUES (5, 5, N'BỒI THƯỜNG THIỆT HẠI VÀ PHẠT VI PHẠM', N'Hao mòn tự nhiên: Bên A chịu. Hư hỏng do sử dụng sai: Bên B chịu chi phí sửa chữa thực tế. Mất thiết bị: Bên B bồi thường 100% giá trị tài sản.', 1, 1, CAST(N'2026-05-16T08:09:26.000' AS DateTime), NULL)
INSERT [dbo].[DieuKhoanMauHopDong] ([DieuKhoanID], [SoDieu], [TieuDe], [NoiDung], [PhienBan], [DangHoatDong], [NgayTao], [NgayCapNhat]) VALUES (6, 6, N'ĐIỀU KHOẢN CHUNG', N'Hợp đồng có hiệu lực từ ngày ký. Mọi tranh chấp được giải quyết trên tinh thần hợp tác. Trường hợp không thỏa thuận được, hai bên đưa ra cơ quan có thẩm quyền giải quyết.', 1, 1, CAST(N'2026-05-16T08:09:26.030' AS DateTime), NULL)
SET IDENTITY_INSERT [dbo].[DieuKhoanMauHopDong] OFF
GO
SET IDENTITY_INSERT [dbo].[HopDongThue] ON 

INSERT [dbo].[HopDongThue] ([HopDongID], [NguoiDungKhachID], [NguoiDungTaoID], [NgayLap], [NgayBatDauThue], [NgayDuKienTra], [NgayTraThucTe], [DiaDiemGiao], [TienCoc], [TongTienThue], [PhiBoiThuong], [TrangThaiID], [NguonTao], [GhiChu], [DiaChiGiaoID], [PhuongThucThanhToan], [ThueVAT], [PhiTreHanPhanTram], [SoNgayTreHanMoiKy], [SoNgayViPhamChamDut], [PhiVeSinhChuyenSau], [KhauHaoHaoMonNam], [PhiGianDoanPhanTram], [GhiChuKhachHang], [NgayKyDienTu], [MaPinXacNhan]) VALUES (1, 8, 8, CAST(N'2026-05-16T18:34:10.363' AS DateTime), CAST(N'2026-05-16T00:00:00.000' AS DateTime), CAST(N'2026-08-16T00:00:00.000' AS DateTime), NULL, N'74 Núi Thành, Tân Bình, Hồ Chí Minh', CAST(1800000.00 AS Decimal(18, 2)), CAST(3600000.00 AS Decimal(18, 2)), CAST(0.00 AS Decimal(18, 2)), 4, 2, NULL, 1, 1, CAST(360000.00 AS Decimal(18, 2)), CAST(3.00 AS Decimal(5, 2)), 3, 15, CAST(1000000.00 AS Decimal(18, 2)), NULL, CAST(50.00 AS Decimal(5, 2)), NULL, CAST(N'2026-05-16T18:34:32.833' AS DateTime), N'$2a$10$HFhp7pWlXM6.BUZOd68xmuH/8xJpuA0V4TKqcJHJwwpb8K6slCDhK')
INSERT [dbo].[HopDongThue] ([HopDongID], [NguoiDungKhachID], [NguoiDungTaoID], [NgayLap], [NgayBatDauThue], [NgayDuKienTra], [NgayTraThucTe], [DiaDiemGiao], [TienCoc], [TongTienThue], [PhiBoiThuong], [TrangThaiID], [NguonTao], [GhiChu], [DiaChiGiaoID], [PhuongThucThanhToan], [ThueVAT], [PhiTreHanPhanTram], [SoNgayTreHanMoiKy], [SoNgayViPhamChamDut], [PhiVeSinhChuyenSau], [KhauHaoHaoMonNam], [PhiGianDoanPhanTram], [GhiChuKhachHang], [NgayKyDienTu], [MaPinXacNhan]) VALUES (2, 8, 8, CAST(N'2026-05-18T11:47:41.813' AS DateTime), CAST(N'2026-05-18T00:00:00.000' AS DateTime), CAST(N'2026-08-18T00:00:00.000' AS DateTime), NULL, N'74 Núi Thành, Tân Bình, Hồ Chí Minh', CAST(525000.00 AS Decimal(18, 2)), CAST(1050000.00 AS Decimal(18, 2)), CAST(0.00 AS Decimal(18, 2)), 2, 2, NULL, 1, 3, CAST(105000.00 AS Decimal(18, 2)), CAST(3.00 AS Decimal(5, 2)), 3, 15, CAST(1000000.00 AS Decimal(18, 2)), NULL, CAST(50.00 AS Decimal(5, 2)), NULL, CAST(N'2026-05-18T11:47:54.093' AS DateTime), N'$2a$10$4TSSgbgn2D6a1m9UcYq3dOUcOyjG5K9R83upUDagAKC2126vW.Qty')
SET IDENTITY_INSERT [dbo].[HopDongThue] OFF
GO
SET IDENTITY_INSERT [dbo].[Kho] ON 

INSERT [dbo].[Kho] ([KhoID], [TenKho], [DiaChi], [NguoiPhuTrach], [SoDienThoai]) VALUES (1, N'Kho Tổng TP.HCM', N'Quận 12, TP.HCM', N'Nguyễn Văn A', N'028-1234-5678')
INSERT [dbo].[Kho] ([KhoID], [TenKho], [DiaChi], [NguoiPhuTrach], [SoDienThoai]) VALUES (2, N'Chi nhánh Đà Nẵng', N'Hải Châu, Đà Nẵng', N'Trần Thị B', N'0236-1234-5678')
SET IDENTITY_INSERT [dbo].[Kho] OFF
GO
INSERT [dbo].[LoaiAnh] ([LoaiAnhID], [TenLoai]) VALUES (1, N'Nhập kho')
INSERT [dbo].[LoaiAnh] ([LoaiAnhID], [TenLoai]) VALUES (2, N'Xuất kho')
INSERT [dbo].[LoaiAnh] ([LoaiAnhID], [TenLoai]) VALUES (3, N'Biên bản bảo trì')
INSERT [dbo].[LoaiAnh] ([LoaiAnhID], [TenLoai]) VALUES (4, N'Ghi nhận sự cố')
INSERT [dbo].[LoaiAnh] ([LoaiAnhID], [TenLoai]) VALUES (5, N'Chữ ký xác nhận')
GO
INSERT [dbo].[LoaiBaoTri] ([LoaiBaoTriID], [TenLoai]) VALUES (1, N'Bảo trì định kỳ')
INSERT [dbo].[LoaiBaoTri] ([LoaiBaoTriID], [TenLoai]) VALUES (2, N'Sửa chữa sự cố')
INSERT [dbo].[LoaiBaoTri] ([LoaiBaoTriID], [TenLoai]) VALUES (3, N'Nâng cấp / cải tiến')
GO
INSERT [dbo].[LoaiGiaoDich] ([LoaiGiaoDichID], [TenLoai]) VALUES (1, N'Xuất cho thuê')
INSERT [dbo].[LoaiGiaoDich] ([LoaiGiaoDichID], [TenLoai]) VALUES (2, N'Thu hồi từ khách')
INSERT [dbo].[LoaiGiaoDich] ([LoaiGiaoDichID], [TenLoai]) VALUES (3, N'Chuyển kho nội bộ')
GO
INSERT [dbo].[LoaiKhachHang] ([LoaiID], [TenLoai]) VALUES (1, N'Cá nhân')
INSERT [dbo].[LoaiKhachHang] ([LoaiID], [TenLoai]) VALUES (2, N'Doanh nghiệp')
GO
SET IDENTITY_INSERT [dbo].[LoaiThietBi] ON 

INSERT [dbo].[LoaiThietBi] ([LoaiThietBiID], [DanhMucID], [NhaCungCapID], [TenLoaiThietBi], [ThongSoKyThuat], [GiaThueThamKhao], [AnhDaiDien]) VALUES (1, 1, 1, N'Máy tạo oxy Yuwell 5 Lít', N'{"luu_luong_L_phut":5,"nong_do_oxy":"93%","trong_luong_kg":15,"dien_ap":"220V"}', CAST(150000.00 AS Decimal(18, 2)), N'Screenshot 2026-05-04 085122.png')
INSERT [dbo].[LoaiThietBi] ([LoaiThietBiID], [DanhMucID], [NhaCungCapID], [TenLoaiThietBi], [ThongSoKyThuat], [GiaThueThamKhao], [AnhDaiDien]) VALUES (2, 1, 2, N'Giường bệnh nhân 2 tay quay y tế', N'{"chuc_nang":"Nâng lưng, nâng chân","tai_trong_kg":200,"kich_thuoc":"2000x900x500mm"}', CAST(200000.00 AS Decimal(18, 2)), N'Screenshot 2026-05-04 085156.png')
INSERT [dbo].[LoaiThietBi] ([LoaiThietBiID], [DanhMucID], [NhaCungCapID], [TenLoaiThietBi], [ThongSoKyThuat], [GiaThueThamKhao], [AnhDaiDien]) VALUES (3, 2, 1, N'Máy chiếu tương tác thông minh Sony', N'{"do_sang":"3500 lumens","do_phan_giai":"Full HD 1080p","tuoi_tho_bong_gio":10000}', CAST(350000.00 AS Decimal(18, 2)), N'Screenshot 2026-05-04 085243.png')
INSERT [dbo].[LoaiThietBi] ([LoaiThietBiID], [DanhMucID], [NhaCungCapID], [TenLoaiThietBi], [ThongSoKyThuat], [GiaThueThamKhao], [AnhDaiDien]) VALUES (4, 3, 2, N'Loa kéo công suất lớn JBL PartyBox', N'{"cong_suat_W":800,"thoi_gian_pin_h":12,"ket_noi":"Bluetooth, USB, AUX"}', CAST(400000.00 AS Decimal(18, 2)), N'Screenshot 2026-05-04 085313.png')
INSERT [dbo].[LoaiThietBi] ([LoaiThietBiID], [DanhMucID], [NhaCungCapID], [TenLoaiThietBi], [ThongSoKyThuat], [GiaThueThamKhao], [AnhDaiDien]) VALUES (5, 3, 1, N'Hệ thống đèn LED sân khấu Par 54', N'{"loai_bong":"LED 3W","so_luong_bong":54,"che_do_chay":"Tự động, cảm biến âm thanh"}', CAST(120000.00 AS Decimal(18, 2)), N'Screenshot 2026-05-04 085340.png')
INSERT [dbo].[LoaiThietBi] ([LoaiThietBiID], [DanhMucID], [NhaCungCapID], [TenLoaiThietBi], [ThongSoKyThuat], [GiaThueThamKhao], [AnhDaiDien]) VALUES (6, 4, 2, N'Máy trộn bê tông quả lê 350L', N'{"dung_tich_L":350,"dong_co":"Motor 3kW 1 pha","trong_luong_kg":150}', CAST(250000.00 AS Decimal(18, 2)), N'Screenshot 2026-05-04 085408.png')
INSERT [dbo].[LoaiThietBi] ([LoaiThietBiID], [DanhMucID], [NhaCungCapID], [TenLoaiThietBi], [ThongSoKyThuat], [GiaThueThamKhao], [AnhDaiDien]) VALUES (7, 4, 1, N'Khung giàn giáo chữ H 1.7m (Bộ 42kg)', N'{"chieu_cao_m":1.7,"do_day_ong_mm":2,"tai_trong_chuan_kg":2000}', CAST(45000.00 AS Decimal(18, 2)), N'Screenshot 2026-05-04 085443.png')
INSERT [dbo].[LoaiThietBi] ([LoaiThietBiID], [DanhMucID], [NhaCungCapID], [TenLoaiThietBi], [ThongSoKyThuat], [GiaThueThamKhao], [AnhDaiDien]) VALUES (8, 5, 2, N'Xe nâng tay Pallet Niuli 2.5 Tấn', N'{"tai_trong_nang_kg":2500,"chieu_cao_nang_cao_nhat_mm":200,"chieu_dai_cang_mm":1150}', CAST(100000.00 AS Decimal(18, 2)), N'Screenshot 2026-05-04 085504.png')
INSERT [dbo].[LoaiThietBi] ([LoaiThietBiID], [DanhMucID], [NhaCungCapID], [TenLoaiThietBi], [ThongSoKyThuat], [GiaThueThamKhao], [AnhDaiDien]) VALUES (9, 6, 1, N'Máy in đa năng HP LaserJet Pro', N'{"chuc_nang":"In, Copy, Scan 2 mặt","toc_do_trang_phut":38,"ket_noi":"LAN, Wifi"}', CAST(150000.00 AS Decimal(18, 2)), N'Screenshot 2026-05-04 085531.png')
INSERT [dbo].[LoaiThietBi] ([LoaiThietBiID], [DanhMucID], [NhaCungCapID], [TenLoaiThietBi], [ThongSoKyThuat], [GiaThueThamKhao], [AnhDaiDien]) VALUES (10, 7, 2, N'Bộ dụng cụ banh cắt thủy lực cứu hộ', N'{"luc_cat_toi_da_kN":350,"luc_banh_toi_da_kN":120,"trong_luong_kg":18.5}', CAST(600000.00 AS Decimal(18, 2)), N'Screenshot 2026-05-04 085616.png')
SET IDENTITY_INSERT [dbo].[LoaiThietBi] OFF
GO
INSERT [dbo].[MucDanhGia] ([MucDanhGiaID], [TenMuc], [TinhVaoBoiThuong], [MoTa]) VALUES (1, N'Tốt', 0, N'Hao mòn tự nhiên bình thường, không tính phí.')
INSERT [dbo].[MucDanhGia] ([MucDanhGiaID], [TenMuc], [TinhVaoBoiThuong], [MoTa]) VALUES (2, N'Hao mòn thông thường', 0, N'Trầy xước nhẹ trong mức chấp nhận, không tính phí.')
INSERT [dbo].[MucDanhGia] ([MucDanhGiaID], [TenMuc], [TinhVaoBoiThuong], [MoTa]) VALUES (3, N'Hư hỏng do sử dụng', 1, N'Phát sinh phiếu bảo trì, chi phí tính vào bồi thường.')
INSERT [dbo].[MucDanhGia] ([MucDanhGiaID], [TenMuc], [TinhVaoBoiThuong], [MoTa]) VALUES (4, N'Mất thiết bị', 1, N'100% giá trị tài sản; thiết bị bị thanh lý khỏi hệ thống.')
GO
SET IDENTITY_INSERT [dbo].[NguoiDung] ON 

INSERT [dbo].[NguoiDung] ([NguoiDungID], [MaNguoiDung], [HoTen], [TaiKhoan], [MatKhau], [VaiTroID], [KhoID], [SoDienThoai], [Email], [DiaChi], [LoaiKhachHangID], [MaSoThue], [TrangThaiID], [NgayTao], [LanDangNhapCuoi], [DoiMatKhauLanDau], [Avt], [CCCD], [CccdNgayCap], [CccdNoiCap], [DonViCongTac]) VALUES (1, N'NV01', N'Lô Hoàng Vũ', N'admin', N'$2a$10$gXMH2dj6H/gie0hUeiu8C.8XQPQoovn8ffYjapDy5NIFr4H0f92Iu', 1, NULL, NULL, NULL, NULL, NULL, NULL, 1, CAST(N'2026-04-21T08:46:16.043' AS DateTime), CAST(N'2026-05-20T18:47:21.717' AS DateTime), 0, N'hoangvu_avt.jpg                                   ', NULL, NULL, NULL, NULL)
INSERT [dbo].[NguoiDung] ([NguoiDungID], [MaNguoiDung], [HoTen], [TaiKhoan], [MatKhau], [VaiTroID], [KhoID], [SoDienThoai], [Email], [DiaChi], [LoaiKhachHangID], [MaSoThue], [TrangThaiID], [NgayTao], [LanDangNhapCuoi], [DoiMatKhauLanDau], [Avt], [CCCD], [CccdNgayCap], [CccdNoiCap], [DonViCongTac]) VALUES (2, N'NV02', N'Trần Thủ Kho HCM', N'kho_hcm', N'$2a$10$gXMH2dj6H/gie0hUeiu8C.8XQPQoovn8ffYjapDy5NIFr4H0f92Iu', 2, 1, NULL, NULL, NULL, NULL, NULL, 1, CAST(N'2026-04-21T08:46:16.043' AS DateTime), CAST(N'2026-05-18T10:18:58.243' AS DateTime), 1, NULL, NULL, NULL, NULL, NULL)
INSERT [dbo].[NguoiDung] ([NguoiDungID], [MaNguoiDung], [HoTen], [TaiKhoan], [MatKhau], [VaiTroID], [KhoID], [SoDienThoai], [Email], [DiaChi], [LoaiKhachHangID], [MaSoThue], [TrangThaiID], [NgayTao], [LanDangNhapCuoi], [DoiMatKhauLanDau], [Avt], [CCCD], [CccdNgayCap], [CccdNoiCap], [DonViCongTac]) VALUES (3, N'NV03', N'Lê Kỹ Thuật HCM', N'kythuat1', N'$2a$10$gXMH2dj6H/gie0hUeiu8C.8XQPQoovn8ffYjapDy5NIFr4H0f92Iu', 3, 1, NULL, NULL, NULL, NULL, NULL, 1, CAST(N'2026-04-21T08:46:16.043' AS DateTime), CAST(N'2026-05-18T10:19:29.443' AS DateTime), 1, NULL, NULL, NULL, NULL, NULL)
INSERT [dbo].[NguoiDung] ([NguoiDungID], [MaNguoiDung], [HoTen], [TaiKhoan], [MatKhau], [VaiTroID], [KhoID], [SoDienThoai], [Email], [DiaChi], [LoaiKhachHangID], [MaSoThue], [TrangThaiID], [NgayTao], [LanDangNhapCuoi], [DoiMatKhauLanDau], [Avt], [CCCD], [CccdNgayCap], [CccdNoiCap], [DonViCongTac]) VALUES (4, N'NV04', N'Phạm Thủ Kho ĐN', N'kho_dn', N'$2a$10$gXMH2dj6H/gie0hUeiu8C.8XQPQoovn8ffYjapDy5NIFr4H0f92Iu', 2, 2, NULL, NULL, NULL, NULL, NULL, 1, CAST(N'2026-04-21T08:46:16.043' AS DateTime), NULL, 1, NULL, NULL, NULL, NULL, NULL)
INSERT [dbo].[NguoiDung] ([NguoiDungID], [MaNguoiDung], [HoTen], [TaiKhoan], [MatKhau], [VaiTroID], [KhoID], [SoDienThoai], [Email], [DiaChi], [LoaiKhachHangID], [MaSoThue], [TrangThaiID], [NgayTao], [LanDangNhapCuoi], [DoiMatKhauLanDau], [Avt], [CCCD], [CccdNgayCap], [CccdNoiCap], [DonViCongTac]) VALUES (5, N'NV05', N'Hoàng Kỹ Thuật ĐN', N'kythuat2', N'$2a$10$gXMH2dj6H/gie0hUeiu8C.8XQPQoovn8ffYjapDy5NIFr4H0f92Iu', 3, 2, NULL, NULL, NULL, NULL, NULL, 1, CAST(N'2026-04-21T08:46:16.043' AS DateTime), NULL, 1, NULL, NULL, NULL, NULL, NULL)
INSERT [dbo].[NguoiDung] ([NguoiDungID], [MaNguoiDung], [HoTen], [TaiKhoan], [MatKhau], [VaiTroID], [KhoID], [SoDienThoai], [Email], [DiaChi], [LoaiKhachHangID], [MaSoThue], [TrangThaiID], [NgayTao], [LanDangNhapCuoi], [DoiMatKhauLanDau], [Avt], [CCCD], [CccdNgayCap], [CccdNoiCap], [DonViCongTac]) VALUES (6, N'KH00001', N'Nguyễn Thị Khách', N'khachhang1@email.com', N'$2a$10$gXMH2dj6H/gie0hUeiu8C.8XQPQoovn8ffYjapDy5NIFr4H0f92Iu', 4, NULL, N'0901234567', N'khachhang1@email.com', N'Quận 1, TP.HCM', 1, NULL, 1, CAST(N'2026-04-21T08:46:16.047' AS DateTime), NULL, 0, NULL, NULL, NULL, NULL, NULL)
INSERT [dbo].[NguoiDung] ([NguoiDungID], [MaNguoiDung], [HoTen], [TaiKhoan], [MatKhau], [VaiTroID], [KhoID], [SoDienThoai], [Email], [DiaChi], [LoaiKhachHangID], [MaSoThue], [TrangThaiID], [NgayTao], [LanDangNhapCuoi], [DoiMatKhauLanDau], [Avt], [CCCD], [CccdNgayCap], [CccdNoiCap], [DonViCongTac]) VALUES (7, N'KH00002', N'Công ty TNHH ABC', N'abc.company@email.com', N'$2a$10$gXMH2dj6H/gie0hUeiu8C.8XQPQoovn8ffYjapDy5NIFr4H0f92Iu', 4, NULL, N'0287654321', N'abc.company@email.com', N'Bình Dương', 2, N'0123456789', 1, CAST(N'2026-04-21T08:46:16.047' AS DateTime), NULL, 0, NULL, NULL, NULL, NULL, NULL)
INSERT [dbo].[NguoiDung] ([NguoiDungID], [MaNguoiDung], [HoTen], [TaiKhoan], [MatKhau], [VaiTroID], [KhoID], [SoDienThoai], [Email], [DiaChi], [LoaiKhachHangID], [MaSoThue], [TrangThaiID], [NgayTao], [LanDangNhapCuoi], [DoiMatKhauLanDau], [Avt], [CCCD], [CccdNgayCap], [CccdNoiCap], [DonViCongTac]) VALUES (8, N'KH00003', N'Lô Hoàng Vũ', N'bao295770@gmail.com', N'$2a$10$iXy4kJKrOlXfII5U3B/i3On0M4OOGqVkGzJQkT8sBXrAZNWQ18S06', 4, NULL, N'0385489501', N'bao295770@gmail.com', N'74/6 Núi Thành, Tân Bình, Tp.HCM', 1, NULL, 1, CAST(N'2026-04-21T12:47:01.873' AS DateTime), CAST(N'2026-05-26T16:35:53.053' AS DateTime), 0, N'hoangvu_avt.jpg                                   ', NULL, NULL, NULL, NULL)
INSERT [dbo].[NguoiDung] ([NguoiDungID], [MaNguoiDung], [HoTen], [TaiKhoan], [MatKhau], [VaiTroID], [KhoID], [SoDienThoai], [Email], [DiaChi], [LoaiKhachHangID], [MaSoThue], [TrangThaiID], [NgayTao], [LanDangNhapCuoi], [DoiMatKhauLanDau], [Avt], [CCCD], [CccdNgayCap], [CccdNoiCap], [DonViCongTac]) VALUES (9, N'KH00004', N'Lô Hoàng Vũ', N'hoangvu2004dl@gmail.com', N'$2a$10$gXMH2dj6H/gie0hUeiu8C.8XQPQoovn8ffYjapDy5NIFr4H0f92Iu', 4, NULL, N'0385489591', N'hoangvu2004dl@gmail.com', N'74/6 Núi Thành, Tân Bình, Tp.HCM', 1, NULL, 1, CAST(N'2026-04-21T14:03:01.080' AS DateTime), NULL, 0, NULL, NULL, NULL, NULL, NULL)
SET IDENTITY_INSERT [dbo].[NguoiDung] OFF
GO
SET IDENTITY_INSERT [dbo].[NhaCungCap] ON 

INSERT [dbo].[NhaCungCap] ([NhaCungCapID], [TenNhaCungCap], [NguoiLienHe], [SoDienThoai], [DiaChi]) VALUES (1, N'Công ty TNHH Honda Việt Nam', N'Phòng kinh doanh', N'024-3768-5968', N'Hà Nội')
INSERT [dbo].[NhaCungCap] ([NhaCungCapID], [TenNhaCungCap], [NguoiLienHe], [SoDienThoai], [DiaChi]) VALUES (2, N'Công ty CP Máy Xây Dựng', N'Nguyễn Văn C', N'028-3855-1234', N'TP.HCM')
SET IDENTITY_INSERT [dbo].[NhaCungCap] OFF
GO
SET IDENTITY_INSERT [dbo].[ThietBi] ON 

INSERT [dbo].[ThietBi] ([ThietBiID], [LoaiThietBiID], [MaTaiSan], [TinhTrangID], [KhoHienTaiID], [NgayBaoTriTiepTheo], [SoSerial], [MucDichSuDung], [GiaTriMay], [NgayKiemDinh], [TinhTrangBanGiao], [QrCodeUrl]) VALUES (1, 1, N'MTS-L01-01', 2, 2, CAST(N'2026-11-12T11:33:40.990' AS DateTime), N'SN-01-8757', N'Cho thuê dịch vụ theo danh mục', CAST(3500000.00 AS Decimal(18, 2)), CAST(N'2026-04-16T11:33:40.990' AS DateTime), N'Thiết bị hoạt động tốt, phụ kiện đầy đủ', NULL)
INSERT [dbo].[ThietBi] ([ThietBiID], [LoaiThietBiID], [MaTaiSan], [TinhTrangID], [KhoHienTaiID], [NgayBaoTriTiepTheo], [SoSerial], [MucDichSuDung], [GiaTriMay], [NgayKiemDinh], [TinhTrangBanGiao], [QrCodeUrl]) VALUES (2, 1, N'MTS-L01-02', 1, 1, CAST(N'2026-11-12T11:33:40.990' AS DateTime), N'SN-01-3542', N'Cho thuê dịch vụ theo danh mục', CAST(3500000.00 AS Decimal(18, 2)), CAST(N'2026-04-16T11:33:40.990' AS DateTime), N'Thiết bị hoạt động tốt, phụ kiện đầy đủ', NULL)
INSERT [dbo].[ThietBi] ([ThietBiID], [LoaiThietBiID], [MaTaiSan], [TinhTrangID], [KhoHienTaiID], [NgayBaoTriTiepTheo], [SoSerial], [MucDichSuDung], [GiaTriMay], [NgayKiemDinh], [TinhTrangBanGiao], [QrCodeUrl]) VALUES (3, 1, N'MTS-L01-03', 1, 2, CAST(N'2026-11-12T11:33:40.990' AS DateTime), N'SN-01-2770', N'Cho thuê dịch vụ theo danh mục', CAST(3500000.00 AS Decimal(18, 2)), CAST(N'2026-04-16T11:33:40.990' AS DateTime), N'Thiết bị hoạt động tốt, phụ kiện đầy đủ', NULL)
INSERT [dbo].[ThietBi] ([ThietBiID], [LoaiThietBiID], [MaTaiSan], [TinhTrangID], [KhoHienTaiID], [NgayBaoTriTiepTheo], [SoSerial], [MucDichSuDung], [GiaTriMay], [NgayKiemDinh], [TinhTrangBanGiao], [QrCodeUrl]) VALUES (4, 1, N'MTS-L01-04', 1, 1, CAST(N'2026-11-12T11:33:40.990' AS DateTime), N'SN-01-8622', N'Cho thuê dịch vụ theo danh mục', CAST(3500000.00 AS Decimal(18, 2)), CAST(N'2026-04-16T11:33:40.990' AS DateTime), N'Thiết bị hoạt động tốt, phụ kiện đầy đủ', NULL)
INSERT [dbo].[ThietBi] ([ThietBiID], [LoaiThietBiID], [MaTaiSan], [TinhTrangID], [KhoHienTaiID], [NgayBaoTriTiepTheo], [SoSerial], [MucDichSuDung], [GiaTriMay], [NgayKiemDinh], [TinhTrangBanGiao], [QrCodeUrl]) VALUES (5, 1, N'MTS-L01-05', 1, 2, CAST(N'2026-11-12T11:33:40.990' AS DateTime), N'SN-01-9353', N'Cho thuê dịch vụ theo danh mục', CAST(3500000.00 AS Decimal(18, 2)), CAST(N'2026-04-16T11:33:40.990' AS DateTime), N'Thiết bị hoạt động tốt, phụ kiện đầy đủ', NULL)
INSERT [dbo].[ThietBi] ([ThietBiID], [LoaiThietBiID], [MaTaiSan], [TinhTrangID], [KhoHienTaiID], [NgayBaoTriTiepTheo], [SoSerial], [MucDichSuDung], [GiaTriMay], [NgayKiemDinh], [TinhTrangBanGiao], [QrCodeUrl]) VALUES (6, 2, N'MTS-L02-01', 2, 2, CAST(N'2026-11-12T11:33:40.990' AS DateTime), N'SN-02-9298', N'Cho thuê dịch vụ theo danh mục', CAST(5000000.00 AS Decimal(18, 2)), CAST(N'2026-04-16T11:33:40.990' AS DateTime), N'Thiết bị hoạt động tốt, phụ kiện đầy đủ', NULL)
INSERT [dbo].[ThietBi] ([ThietBiID], [LoaiThietBiID], [MaTaiSan], [TinhTrangID], [KhoHienTaiID], [NgayBaoTriTiepTheo], [SoSerial], [MucDichSuDung], [GiaTriMay], [NgayKiemDinh], [TinhTrangBanGiao], [QrCodeUrl]) VALUES (7, 2, N'MTS-L02-02', 1, 1, CAST(N'2026-11-12T11:33:40.990' AS DateTime), N'SN-02-129', N'Cho thuê dịch vụ theo danh mục', CAST(5000000.00 AS Decimal(18, 2)), CAST(N'2026-04-16T11:33:40.990' AS DateTime), N'Thiết bị hoạt động tốt, phụ kiện đầy đủ', NULL)
INSERT [dbo].[ThietBi] ([ThietBiID], [LoaiThietBiID], [MaTaiSan], [TinhTrangID], [KhoHienTaiID], [NgayBaoTriTiepTheo], [SoSerial], [MucDichSuDung], [GiaTriMay], [NgayKiemDinh], [TinhTrangBanGiao], [QrCodeUrl]) VALUES (8, 2, N'MTS-L02-03', 1, 2, CAST(N'2026-11-12T11:33:40.990' AS DateTime), N'SN-02-2287', N'Cho thuê dịch vụ theo danh mục', CAST(5000000.00 AS Decimal(18, 2)), CAST(N'2026-04-16T11:33:40.990' AS DateTime), N'Thiết bị hoạt động tốt, phụ kiện đầy đủ', NULL)
INSERT [dbo].[ThietBi] ([ThietBiID], [LoaiThietBiID], [MaTaiSan], [TinhTrangID], [KhoHienTaiID], [NgayBaoTriTiepTheo], [SoSerial], [MucDichSuDung], [GiaTriMay], [NgayKiemDinh], [TinhTrangBanGiao], [QrCodeUrl]) VALUES (9, 2, N'MTS-L02-04', 1, 1, CAST(N'2026-11-12T11:33:40.990' AS DateTime), N'SN-02-3145', N'Cho thuê dịch vụ theo danh mục', CAST(5000000.00 AS Decimal(18, 2)), CAST(N'2026-04-16T11:33:40.990' AS DateTime), N'Thiết bị hoạt động tốt, phụ kiện đầy đủ', NULL)
INSERT [dbo].[ThietBi] ([ThietBiID], [LoaiThietBiID], [MaTaiSan], [TinhTrangID], [KhoHienTaiID], [NgayBaoTriTiepTheo], [SoSerial], [MucDichSuDung], [GiaTriMay], [NgayKiemDinh], [TinhTrangBanGiao], [QrCodeUrl]) VALUES (10, 2, N'MTS-L02-05', 1, 2, CAST(N'2026-11-12T11:33:40.990' AS DateTime), N'SN-02-1552', N'Cho thuê dịch vụ theo danh mục', CAST(5000000.00 AS Decimal(18, 2)), CAST(N'2026-04-16T11:33:40.990' AS DateTime), N'Thiết bị hoạt động tốt, phụ kiện đầy đủ', NULL)
INSERT [dbo].[ThietBi] ([ThietBiID], [LoaiThietBiID], [MaTaiSan], [TinhTrangID], [KhoHienTaiID], [NgayBaoTriTiepTheo], [SoSerial], [MucDichSuDung], [GiaTriMay], [NgayKiemDinh], [TinhTrangBanGiao], [QrCodeUrl]) VALUES (11, 3, N'MTS-L03-01', 2, 2, CAST(N'2026-11-12T11:33:40.990' AS DateTime), N'SN-03-2608', N'Cho thuê dịch vụ theo danh mục', CAST(6500000.00 AS Decimal(18, 2)), CAST(N'2026-04-16T11:33:40.990' AS DateTime), N'Thiết bị hoạt động tốt, phụ kiện đầy đủ', NULL)
INSERT [dbo].[ThietBi] ([ThietBiID], [LoaiThietBiID], [MaTaiSan], [TinhTrangID], [KhoHienTaiID], [NgayBaoTriTiepTheo], [SoSerial], [MucDichSuDung], [GiaTriMay], [NgayKiemDinh], [TinhTrangBanGiao], [QrCodeUrl]) VALUES (12, 3, N'MTS-L03-02', 1, 1, CAST(N'2026-11-12T11:33:40.990' AS DateTime), N'SN-03-4408', N'Cho thuê dịch vụ theo danh mục', CAST(6500000.00 AS Decimal(18, 2)), CAST(N'2026-04-16T11:33:40.990' AS DateTime), N'Thiết bị hoạt động tốt, phụ kiện đầy đủ', NULL)
INSERT [dbo].[ThietBi] ([ThietBiID], [LoaiThietBiID], [MaTaiSan], [TinhTrangID], [KhoHienTaiID], [NgayBaoTriTiepTheo], [SoSerial], [MucDichSuDung], [GiaTriMay], [NgayKiemDinh], [TinhTrangBanGiao], [QrCodeUrl]) VALUES (13, 3, N'MTS-L03-03', 1, 2, CAST(N'2026-11-12T11:33:40.990' AS DateTime), N'SN-03-1064', N'Cho thuê dịch vụ theo danh mục', CAST(6500000.00 AS Decimal(18, 2)), CAST(N'2026-04-16T11:33:40.990' AS DateTime), N'Thiết bị hoạt động tốt, phụ kiện đầy đủ', NULL)
INSERT [dbo].[ThietBi] ([ThietBiID], [LoaiThietBiID], [MaTaiSan], [TinhTrangID], [KhoHienTaiID], [NgayBaoTriTiepTheo], [SoSerial], [MucDichSuDung], [GiaTriMay], [NgayKiemDinh], [TinhTrangBanGiao], [QrCodeUrl]) VALUES (14, 3, N'MTS-L03-04', 1, 1, CAST(N'2026-11-12T11:33:40.990' AS DateTime), N'SN-03-592', N'Cho thuê dịch vụ theo danh mục', CAST(6500000.00 AS Decimal(18, 2)), CAST(N'2026-04-16T11:33:40.990' AS DateTime), N'Thiết bị hoạt động tốt, phụ kiện đầy đủ', NULL)
INSERT [dbo].[ThietBi] ([ThietBiID], [LoaiThietBiID], [MaTaiSan], [TinhTrangID], [KhoHienTaiID], [NgayBaoTriTiepTheo], [SoSerial], [MucDichSuDung], [GiaTriMay], [NgayKiemDinh], [TinhTrangBanGiao], [QrCodeUrl]) VALUES (15, 3, N'MTS-L03-05', 1, 2, CAST(N'2026-11-12T11:33:40.990' AS DateTime), N'SN-03-3911', N'Cho thuê dịch vụ theo danh mục', CAST(6500000.00 AS Decimal(18, 2)), CAST(N'2026-04-16T11:33:40.990' AS DateTime), N'Thiết bị hoạt động tốt, phụ kiện đầy đủ', NULL)
INSERT [dbo].[ThietBi] ([ThietBiID], [LoaiThietBiID], [MaTaiSan], [TinhTrangID], [KhoHienTaiID], [NgayBaoTriTiepTheo], [SoSerial], [MucDichSuDung], [GiaTriMay], [NgayKiemDinh], [TinhTrangBanGiao], [QrCodeUrl]) VALUES (16, 4, N'MTS-L04-01', 1, 2, CAST(N'2026-11-12T11:33:40.990' AS DateTime), N'SN-04-3762', N'Cho thuê dịch vụ theo danh mục', CAST(8000000.00 AS Decimal(18, 2)), CAST(N'2026-04-16T11:33:40.990' AS DateTime), N'Thiết bị hoạt động tốt, phụ kiện đầy đủ', NULL)
INSERT [dbo].[ThietBi] ([ThietBiID], [LoaiThietBiID], [MaTaiSan], [TinhTrangID], [KhoHienTaiID], [NgayBaoTriTiepTheo], [SoSerial], [MucDichSuDung], [GiaTriMay], [NgayKiemDinh], [TinhTrangBanGiao], [QrCodeUrl]) VALUES (17, 4, N'MTS-L04-02', 1, 1, CAST(N'2026-11-12T11:33:40.990' AS DateTime), N'SN-04-7848', N'Cho thuê dịch vụ theo danh mục', CAST(8000000.00 AS Decimal(18, 2)), CAST(N'2026-04-16T11:33:40.990' AS DateTime), N'Thiết bị hoạt động tốt, phụ kiện đầy đủ', NULL)
INSERT [dbo].[ThietBi] ([ThietBiID], [LoaiThietBiID], [MaTaiSan], [TinhTrangID], [KhoHienTaiID], [NgayBaoTriTiepTheo], [SoSerial], [MucDichSuDung], [GiaTriMay], [NgayKiemDinh], [TinhTrangBanGiao], [QrCodeUrl]) VALUES (18, 4, N'MTS-L04-03', 1, 2, CAST(N'2026-11-12T11:33:40.990' AS DateTime), N'SN-04-5436', N'Cho thuê dịch vụ theo danh mục', CAST(8000000.00 AS Decimal(18, 2)), CAST(N'2026-04-16T11:33:40.990' AS DateTime), N'Thiết bị hoạt động tốt, phụ kiện đầy đủ', NULL)
INSERT [dbo].[ThietBi] ([ThietBiID], [LoaiThietBiID], [MaTaiSan], [TinhTrangID], [KhoHienTaiID], [NgayBaoTriTiepTheo], [SoSerial], [MucDichSuDung], [GiaTriMay], [NgayKiemDinh], [TinhTrangBanGiao], [QrCodeUrl]) VALUES (19, 4, N'MTS-L04-04', 1, 1, CAST(N'2026-11-12T11:33:40.990' AS DateTime), N'SN-04-1420', N'Cho thuê dịch vụ theo danh mục', CAST(8000000.00 AS Decimal(18, 2)), CAST(N'2026-04-16T11:33:40.990' AS DateTime), N'Thiết bị hoạt động tốt, phụ kiện đầy đủ', NULL)
INSERT [dbo].[ThietBi] ([ThietBiID], [LoaiThietBiID], [MaTaiSan], [TinhTrangID], [KhoHienTaiID], [NgayBaoTriTiepTheo], [SoSerial], [MucDichSuDung], [GiaTriMay], [NgayKiemDinh], [TinhTrangBanGiao], [QrCodeUrl]) VALUES (20, 4, N'MTS-L04-05', 1, 2, CAST(N'2026-11-12T11:33:40.990' AS DateTime), N'SN-04-1022', N'Cho thuê dịch vụ theo danh mục', CAST(8000000.00 AS Decimal(18, 2)), CAST(N'2026-04-16T11:33:40.990' AS DateTime), N'Thiết bị hoạt động tốt, phụ kiện đầy đủ', NULL)
INSERT [dbo].[ThietBi] ([ThietBiID], [LoaiThietBiID], [MaTaiSan], [TinhTrangID], [KhoHienTaiID], [NgayBaoTriTiepTheo], [SoSerial], [MucDichSuDung], [GiaTriMay], [NgayKiemDinh], [TinhTrangBanGiao], [QrCodeUrl]) VALUES (21, 5, N'MTS-L05-01', 1, 2, CAST(N'2026-11-12T11:33:40.990' AS DateTime), N'SN-05-2999', N'Cho thuê dịch vụ theo danh mục', CAST(9500000.00 AS Decimal(18, 2)), CAST(N'2026-04-16T11:33:40.990' AS DateTime), N'Thiết bị hoạt động tốt, phụ kiện đầy đủ', NULL)
INSERT [dbo].[ThietBi] ([ThietBiID], [LoaiThietBiID], [MaTaiSan], [TinhTrangID], [KhoHienTaiID], [NgayBaoTriTiepTheo], [SoSerial], [MucDichSuDung], [GiaTriMay], [NgayKiemDinh], [TinhTrangBanGiao], [QrCodeUrl]) VALUES (22, 5, N'MTS-L05-02', 1, 1, CAST(N'2026-11-12T11:33:40.990' AS DateTime), N'SN-05-6113', N'Cho thuê dịch vụ theo danh mục', CAST(9500000.00 AS Decimal(18, 2)), CAST(N'2026-04-16T11:33:40.990' AS DateTime), N'Thiết bị hoạt động tốt, phụ kiện đầy đủ', NULL)
INSERT [dbo].[ThietBi] ([ThietBiID], [LoaiThietBiID], [MaTaiSan], [TinhTrangID], [KhoHienTaiID], [NgayBaoTriTiepTheo], [SoSerial], [MucDichSuDung], [GiaTriMay], [NgayKiemDinh], [TinhTrangBanGiao], [QrCodeUrl]) VALUES (23, 5, N'MTS-L05-03', 1, 2, CAST(N'2026-11-12T11:33:40.990' AS DateTime), N'SN-05-9881', N'Cho thuê dịch vụ theo danh mục', CAST(9500000.00 AS Decimal(18, 2)), CAST(N'2026-04-16T11:33:40.990' AS DateTime), N'Thiết bị hoạt động tốt, phụ kiện đầy đủ', NULL)
INSERT [dbo].[ThietBi] ([ThietBiID], [LoaiThietBiID], [MaTaiSan], [TinhTrangID], [KhoHienTaiID], [NgayBaoTriTiepTheo], [SoSerial], [MucDichSuDung], [GiaTriMay], [NgayKiemDinh], [TinhTrangBanGiao], [QrCodeUrl]) VALUES (24, 5, N'MTS-L05-04', 1, 1, CAST(N'2026-11-12T11:33:40.990' AS DateTime), N'SN-05-7514', N'Cho thuê dịch vụ theo danh mục', CAST(9500000.00 AS Decimal(18, 2)), CAST(N'2026-04-16T11:33:40.990' AS DateTime), N'Thiết bị hoạt động tốt, phụ kiện đầy đủ', NULL)
INSERT [dbo].[ThietBi] ([ThietBiID], [LoaiThietBiID], [MaTaiSan], [TinhTrangID], [KhoHienTaiID], [NgayBaoTriTiepTheo], [SoSerial], [MucDichSuDung], [GiaTriMay], [NgayKiemDinh], [TinhTrangBanGiao], [QrCodeUrl]) VALUES (25, 5, N'MTS-L05-05', 1, 2, CAST(N'2026-11-12T11:33:40.990' AS DateTime), N'SN-05-5798', N'Cho thuê dịch vụ theo danh mục', CAST(9500000.00 AS Decimal(18, 2)), CAST(N'2026-04-16T11:33:40.990' AS DateTime), N'Thiết bị hoạt động tốt, phụ kiện đầy đủ', NULL)
INSERT [dbo].[ThietBi] ([ThietBiID], [LoaiThietBiID], [MaTaiSan], [TinhTrangID], [KhoHienTaiID], [NgayBaoTriTiepTheo], [SoSerial], [MucDichSuDung], [GiaTriMay], [NgayKiemDinh], [TinhTrangBanGiao], [QrCodeUrl]) VALUES (26, 6, N'MTS-L06-01', 2, 2, CAST(N'2026-11-12T11:33:40.990' AS DateTime), N'SN-06-8512', N'Cho thuê dịch vụ theo danh mục', CAST(11000000.00 AS Decimal(18, 2)), CAST(N'2026-04-16T11:33:40.990' AS DateTime), N'Thiết bị hoạt động tốt, phụ kiện đầy đủ', NULL)
INSERT [dbo].[ThietBi] ([ThietBiID], [LoaiThietBiID], [MaTaiSan], [TinhTrangID], [KhoHienTaiID], [NgayBaoTriTiepTheo], [SoSerial], [MucDichSuDung], [GiaTriMay], [NgayKiemDinh], [TinhTrangBanGiao], [QrCodeUrl]) VALUES (27, 6, N'MTS-L06-02', 1, 1, CAST(N'2026-11-12T11:33:40.990' AS DateTime), N'SN-06-9146', N'Cho thuê dịch vụ theo danh mục', CAST(11000000.00 AS Decimal(18, 2)), CAST(N'2026-04-16T11:33:40.990' AS DateTime), N'Thiết bị hoạt động tốt, phụ kiện đầy đủ', NULL)
INSERT [dbo].[ThietBi] ([ThietBiID], [LoaiThietBiID], [MaTaiSan], [TinhTrangID], [KhoHienTaiID], [NgayBaoTriTiepTheo], [SoSerial], [MucDichSuDung], [GiaTriMay], [NgayKiemDinh], [TinhTrangBanGiao], [QrCodeUrl]) VALUES (28, 6, N'MTS-L06-03', 1, 2, CAST(N'2026-11-12T11:33:40.990' AS DateTime), N'SN-06-8179', N'Cho thuê dịch vụ theo danh mục', CAST(11000000.00 AS Decimal(18, 2)), CAST(N'2026-04-16T11:33:40.990' AS DateTime), N'Thiết bị hoạt động tốt, phụ kiện đầy đủ', NULL)
INSERT [dbo].[ThietBi] ([ThietBiID], [LoaiThietBiID], [MaTaiSan], [TinhTrangID], [KhoHienTaiID], [NgayBaoTriTiepTheo], [SoSerial], [MucDichSuDung], [GiaTriMay], [NgayKiemDinh], [TinhTrangBanGiao], [QrCodeUrl]) VALUES (29, 6, N'MTS-L06-04', 1, 1, CAST(N'2026-11-12T11:33:40.990' AS DateTime), N'SN-06-6117', N'Cho thuê dịch vụ theo danh mục', CAST(11000000.00 AS Decimal(18, 2)), CAST(N'2026-04-16T11:33:40.990' AS DateTime), N'Thiết bị hoạt động tốt, phụ kiện đầy đủ', NULL)
INSERT [dbo].[ThietBi] ([ThietBiID], [LoaiThietBiID], [MaTaiSan], [TinhTrangID], [KhoHienTaiID], [NgayBaoTriTiepTheo], [SoSerial], [MucDichSuDung], [GiaTriMay], [NgayKiemDinh], [TinhTrangBanGiao], [QrCodeUrl]) VALUES (30, 6, N'MTS-L06-05', 1, 2, CAST(N'2026-11-12T11:33:40.990' AS DateTime), N'SN-06-8420', N'Cho thuê dịch vụ theo danh mục', CAST(11000000.00 AS Decimal(18, 2)), CAST(N'2026-04-16T11:33:40.990' AS DateTime), N'Thiết bị hoạt động tốt, phụ kiện đầy đủ', NULL)
INSERT [dbo].[ThietBi] ([ThietBiID], [LoaiThietBiID], [MaTaiSan], [TinhTrangID], [KhoHienTaiID], [NgayBaoTriTiepTheo], [SoSerial], [MucDichSuDung], [GiaTriMay], [NgayKiemDinh], [TinhTrangBanGiao], [QrCodeUrl]) VALUES (31, 7, N'MTS-L07-01', 1, 2, CAST(N'2026-11-12T11:33:40.990' AS DateTime), N'SN-07-7969', N'Cho thuê dịch vụ theo danh mục', CAST(12500000.00 AS Decimal(18, 2)), CAST(N'2026-04-16T11:33:40.990' AS DateTime), N'Thiết bị hoạt động tốt, phụ kiện đầy đủ', NULL)
INSERT [dbo].[ThietBi] ([ThietBiID], [LoaiThietBiID], [MaTaiSan], [TinhTrangID], [KhoHienTaiID], [NgayBaoTriTiepTheo], [SoSerial], [MucDichSuDung], [GiaTriMay], [NgayKiemDinh], [TinhTrangBanGiao], [QrCodeUrl]) VALUES (32, 7, N'MTS-L07-02', 1, 1, CAST(N'2026-11-12T11:33:40.990' AS DateTime), N'SN-07-5469', N'Cho thuê dịch vụ theo danh mục', CAST(12500000.00 AS Decimal(18, 2)), CAST(N'2026-04-16T11:33:40.990' AS DateTime), N'Thiết bị hoạt động tốt, phụ kiện đầy đủ', NULL)
INSERT [dbo].[ThietBi] ([ThietBiID], [LoaiThietBiID], [MaTaiSan], [TinhTrangID], [KhoHienTaiID], [NgayBaoTriTiepTheo], [SoSerial], [MucDichSuDung], [GiaTriMay], [NgayKiemDinh], [TinhTrangBanGiao], [QrCodeUrl]) VALUES (33, 7, N'MTS-L07-03', 1, 2, CAST(N'2026-11-12T11:33:40.990' AS DateTime), N'SN-07-49', N'Cho thuê dịch vụ theo danh mục', CAST(12500000.00 AS Decimal(18, 2)), CAST(N'2026-04-16T11:33:40.990' AS DateTime), N'Thiết bị hoạt động tốt, phụ kiện đầy đủ', NULL)
INSERT [dbo].[ThietBi] ([ThietBiID], [LoaiThietBiID], [MaTaiSan], [TinhTrangID], [KhoHienTaiID], [NgayBaoTriTiepTheo], [SoSerial], [MucDichSuDung], [GiaTriMay], [NgayKiemDinh], [TinhTrangBanGiao], [QrCodeUrl]) VALUES (34, 7, N'MTS-L07-04', 1, 1, CAST(N'2026-11-12T11:33:40.990' AS DateTime), N'SN-07-8630', N'Cho thuê dịch vụ theo danh mục', CAST(12500000.00 AS Decimal(18, 2)), CAST(N'2026-04-16T11:33:40.990' AS DateTime), N'Thiết bị hoạt động tốt, phụ kiện đầy đủ', NULL)
INSERT [dbo].[ThietBi] ([ThietBiID], [LoaiThietBiID], [MaTaiSan], [TinhTrangID], [KhoHienTaiID], [NgayBaoTriTiepTheo], [SoSerial], [MucDichSuDung], [GiaTriMay], [NgayKiemDinh], [TinhTrangBanGiao], [QrCodeUrl]) VALUES (35, 7, N'MTS-L07-05', 1, 2, CAST(N'2026-11-12T11:33:40.990' AS DateTime), N'SN-07-5677', N'Cho thuê dịch vụ theo danh mục', CAST(12500000.00 AS Decimal(18, 2)), CAST(N'2026-04-16T11:33:40.990' AS DateTime), N'Thiết bị hoạt động tốt, phụ kiện đầy đủ', NULL)
INSERT [dbo].[ThietBi] ([ThietBiID], [LoaiThietBiID], [MaTaiSan], [TinhTrangID], [KhoHienTaiID], [NgayBaoTriTiepTheo], [SoSerial], [MucDichSuDung], [GiaTriMay], [NgayKiemDinh], [TinhTrangBanGiao], [QrCodeUrl]) VALUES (36, 8, N'MTS-L08-01', 1, 2, CAST(N'2026-11-12T11:33:40.990' AS DateTime), N'SN-08-7876', N'Cho thuê dịch vụ theo danh mục', CAST(14000000.00 AS Decimal(18, 2)), CAST(N'2026-04-16T11:33:40.990' AS DateTime), N'Thiết bị hoạt động tốt, phụ kiện đầy đủ', NULL)
INSERT [dbo].[ThietBi] ([ThietBiID], [LoaiThietBiID], [MaTaiSan], [TinhTrangID], [KhoHienTaiID], [NgayBaoTriTiepTheo], [SoSerial], [MucDichSuDung], [GiaTriMay], [NgayKiemDinh], [TinhTrangBanGiao], [QrCodeUrl]) VALUES (37, 8, N'MTS-L08-02', 1, 1, CAST(N'2026-11-12T11:33:40.990' AS DateTime), N'SN-08-2022', N'Cho thuê dịch vụ theo danh mục', CAST(14000000.00 AS Decimal(18, 2)), CAST(N'2026-04-16T11:33:40.990' AS DateTime), N'Thiết bị hoạt động tốt, phụ kiện đầy đủ', NULL)
INSERT [dbo].[ThietBi] ([ThietBiID], [LoaiThietBiID], [MaTaiSan], [TinhTrangID], [KhoHienTaiID], [NgayBaoTriTiepTheo], [SoSerial], [MucDichSuDung], [GiaTriMay], [NgayKiemDinh], [TinhTrangBanGiao], [QrCodeUrl]) VALUES (38, 8, N'MTS-L08-03', 1, 2, CAST(N'2026-11-12T11:33:40.990' AS DateTime), N'SN-08-5316', N'Cho thuê dịch vụ theo danh mục', CAST(14000000.00 AS Decimal(18, 2)), CAST(N'2026-04-16T11:33:40.990' AS DateTime), N'Thiết bị hoạt động tốt, phụ kiện đầy đủ', NULL)
INSERT [dbo].[ThietBi] ([ThietBiID], [LoaiThietBiID], [MaTaiSan], [TinhTrangID], [KhoHienTaiID], [NgayBaoTriTiepTheo], [SoSerial], [MucDichSuDung], [GiaTriMay], [NgayKiemDinh], [TinhTrangBanGiao], [QrCodeUrl]) VALUES (39, 8, N'MTS-L08-04', 1, 1, CAST(N'2026-11-12T11:33:40.990' AS DateTime), N'SN-08-9629', N'Cho thuê dịch vụ theo danh mục', CAST(14000000.00 AS Decimal(18, 2)), CAST(N'2026-04-16T11:33:40.990' AS DateTime), N'Thiết bị hoạt động tốt, phụ kiện đầy đủ', NULL)
INSERT [dbo].[ThietBi] ([ThietBiID], [LoaiThietBiID], [MaTaiSan], [TinhTrangID], [KhoHienTaiID], [NgayBaoTriTiepTheo], [SoSerial], [MucDichSuDung], [GiaTriMay], [NgayKiemDinh], [TinhTrangBanGiao], [QrCodeUrl]) VALUES (40, 8, N'MTS-L08-05', 1, 2, CAST(N'2026-11-12T11:33:40.990' AS DateTime), N'SN-08-9984', N'Cho thuê dịch vụ theo danh mục', CAST(14000000.00 AS Decimal(18, 2)), CAST(N'2026-04-16T11:33:40.990' AS DateTime), N'Thiết bị hoạt động tốt, phụ kiện đầy đủ', NULL)
INSERT [dbo].[ThietBi] ([ThietBiID], [LoaiThietBiID], [MaTaiSan], [TinhTrangID], [KhoHienTaiID], [NgayBaoTriTiepTheo], [SoSerial], [MucDichSuDung], [GiaTriMay], [NgayKiemDinh], [TinhTrangBanGiao], [QrCodeUrl]) VALUES (41, 9, N'MTS-L09-01', 1, 2, CAST(N'2026-11-12T11:33:40.990' AS DateTime), N'SN-09-1621', N'Cho thuê dịch vụ theo danh mục', CAST(15500000.00 AS Decimal(18, 2)), CAST(N'2026-04-16T11:33:40.990' AS DateTime), N'Thiết bị hoạt động tốt, phụ kiện đầy đủ', NULL)
INSERT [dbo].[ThietBi] ([ThietBiID], [LoaiThietBiID], [MaTaiSan], [TinhTrangID], [KhoHienTaiID], [NgayBaoTriTiepTheo], [SoSerial], [MucDichSuDung], [GiaTriMay], [NgayKiemDinh], [TinhTrangBanGiao], [QrCodeUrl]) VALUES (42, 9, N'MTS-L09-02', 1, 1, CAST(N'2026-11-12T11:33:40.990' AS DateTime), N'SN-09-8520', N'Cho thuê dịch vụ theo danh mục', CAST(15500000.00 AS Decimal(18, 2)), CAST(N'2026-04-16T11:33:40.990' AS DateTime), N'Thiết bị hoạt động tốt, phụ kiện đầy đủ', NULL)
INSERT [dbo].[ThietBi] ([ThietBiID], [LoaiThietBiID], [MaTaiSan], [TinhTrangID], [KhoHienTaiID], [NgayBaoTriTiepTheo], [SoSerial], [MucDichSuDung], [GiaTriMay], [NgayKiemDinh], [TinhTrangBanGiao], [QrCodeUrl]) VALUES (43, 9, N'MTS-L09-03', 1, 2, CAST(N'2026-11-12T11:33:40.990' AS DateTime), N'SN-09-9190', N'Cho thuê dịch vụ theo danh mục', CAST(15500000.00 AS Decimal(18, 2)), CAST(N'2026-04-16T11:33:40.990' AS DateTime), N'Thiết bị hoạt động tốt, phụ kiện đầy đủ', NULL)
INSERT [dbo].[ThietBi] ([ThietBiID], [LoaiThietBiID], [MaTaiSan], [TinhTrangID], [KhoHienTaiID], [NgayBaoTriTiepTheo], [SoSerial], [MucDichSuDung], [GiaTriMay], [NgayKiemDinh], [TinhTrangBanGiao], [QrCodeUrl]) VALUES (44, 9, N'MTS-L09-04', 1, 1, CAST(N'2026-11-12T11:33:40.990' AS DateTime), N'SN-09-2076', N'Cho thuê dịch vụ theo danh mục', CAST(15500000.00 AS Decimal(18, 2)), CAST(N'2026-04-16T11:33:40.990' AS DateTime), N'Thiết bị hoạt động tốt, phụ kiện đầy đủ', NULL)
INSERT [dbo].[ThietBi] ([ThietBiID], [LoaiThietBiID], [MaTaiSan], [TinhTrangID], [KhoHienTaiID], [NgayBaoTriTiepTheo], [SoSerial], [MucDichSuDung], [GiaTriMay], [NgayKiemDinh], [TinhTrangBanGiao], [QrCodeUrl]) VALUES (45, 9, N'MTS-L09-05', 1, 2, CAST(N'2026-11-12T11:33:40.990' AS DateTime), N'SN-09-6576', N'Cho thuê dịch vụ theo danh mục', CAST(15500000.00 AS Decimal(18, 2)), CAST(N'2026-04-16T11:33:40.990' AS DateTime), N'Thiết bị hoạt động tốt, phụ kiện đầy đủ', NULL)
INSERT [dbo].[ThietBi] ([ThietBiID], [LoaiThietBiID], [MaTaiSan], [TinhTrangID], [KhoHienTaiID], [NgayBaoTriTiepTheo], [SoSerial], [MucDichSuDung], [GiaTriMay], [NgayKiemDinh], [TinhTrangBanGiao], [QrCodeUrl]) VALUES (46, 10, N'MTS-L10-01', 2, 2, CAST(N'2026-11-12T11:33:40.990' AS DateTime), N'SN-10-6513', N'Cho thuê dịch vụ theo danh mục', CAST(17000000.00 AS Decimal(18, 2)), CAST(N'2026-04-16T11:33:40.990' AS DateTime), N'Thiết bị hoạt động tốt, phụ kiện đầy đủ', NULL)
INSERT [dbo].[ThietBi] ([ThietBiID], [LoaiThietBiID], [MaTaiSan], [TinhTrangID], [KhoHienTaiID], [NgayBaoTriTiepTheo], [SoSerial], [MucDichSuDung], [GiaTriMay], [NgayKiemDinh], [TinhTrangBanGiao], [QrCodeUrl]) VALUES (47, 10, N'MTS-L10-02', 1, 1, CAST(N'2026-11-12T11:33:40.990' AS DateTime), N'SN-10-3080', N'Cho thuê dịch vụ theo danh mục', CAST(17000000.00 AS Decimal(18, 2)), CAST(N'2026-04-16T11:33:40.990' AS DateTime), N'Thiết bị hoạt động tốt, phụ kiện đầy đủ', NULL)
INSERT [dbo].[ThietBi] ([ThietBiID], [LoaiThietBiID], [MaTaiSan], [TinhTrangID], [KhoHienTaiID], [NgayBaoTriTiepTheo], [SoSerial], [MucDichSuDung], [GiaTriMay], [NgayKiemDinh], [TinhTrangBanGiao], [QrCodeUrl]) VALUES (48, 10, N'MTS-L10-03', 1, 2, CAST(N'2026-11-12T11:33:40.990' AS DateTime), N'SN-10-1093', N'Cho thuê dịch vụ theo danh mục', CAST(17000000.00 AS Decimal(18, 2)), CAST(N'2026-04-16T11:33:40.990' AS DateTime), N'Thiết bị hoạt động tốt, phụ kiện đầy đủ', NULL)
INSERT [dbo].[ThietBi] ([ThietBiID], [LoaiThietBiID], [MaTaiSan], [TinhTrangID], [KhoHienTaiID], [NgayBaoTriTiepTheo], [SoSerial], [MucDichSuDung], [GiaTriMay], [NgayKiemDinh], [TinhTrangBanGiao], [QrCodeUrl]) VALUES (49, 10, N'MTS-L10-04', 1, 1, CAST(N'2026-11-12T11:33:40.990' AS DateTime), N'SN-10-4753', N'Cho thuê dịch vụ theo danh mục', CAST(17000000.00 AS Decimal(18, 2)), CAST(N'2026-04-16T11:33:40.990' AS DateTime), N'Thiết bị hoạt động tốt, phụ kiện đầy đủ', NULL)
INSERT [dbo].[ThietBi] ([ThietBiID], [LoaiThietBiID], [MaTaiSan], [TinhTrangID], [KhoHienTaiID], [NgayBaoTriTiepTheo], [SoSerial], [MucDichSuDung], [GiaTriMay], [NgayKiemDinh], [TinhTrangBanGiao], [QrCodeUrl]) VALUES (50, 10, N'MTS-L10-05', 1, 2, CAST(N'2026-11-12T11:33:40.990' AS DateTime), N'SN-10-8385', N'Cho thuê dịch vụ theo danh mục', CAST(17000000.00 AS Decimal(18, 2)), CAST(N'2026-04-16T11:33:40.990' AS DateTime), N'Thiết bị hoạt động tốt, phụ kiện đầy đủ', NULL)
SET IDENTITY_INSERT [dbo].[ThietBi] OFF
GO
INSERT [dbo].[TinhTrangThietBi] ([TinhTrangID], [TenTinhTrang], [MoTa]) VALUES (1, N'Sẵn sàng', N'Đang ở kho, có thể cho thuê — hiển thị trên app KH')
INSERT [dbo].[TinhTrangThietBi] ([TinhTrangID], [TenTinhTrang], [MoTa]) VALUES (2, N'Đang cho thuê', N'Khách hàng đang giữ ngoài hiện trường')
INSERT [dbo].[TinhTrangThietBi] ([TinhTrangID], [TenTinhTrang], [MoTa]) VALUES (3, N'Đang bảo trì', N'Đang sửa chữa, không thể cho thuê')
INSERT [dbo].[TinhTrangThietBi] ([TinhTrangID], [TenTinhTrang], [MoTa]) VALUES (4, N'Thanh lý / Hỏng', N'Loại khỏi vòng quay cho thuê')
GO
INSERT [dbo].[TrangThaiBaoTri] ([TrangThaiID], [TenTrangThai]) VALUES (1, N'Đang thực hiện')
INSERT [dbo].[TrangThaiBaoTri] ([TrangThaiID], [TenTrangThai]) VALUES (2, N'Hoàn thành')
INSERT [dbo].[TrangThaiBaoTri] ([TrangThaiID], [TenTrangThai]) VALUES (3, N'Chờ phụ tùng')
GO
INSERT [dbo].[TrangThaiHopDong] ([TrangThaiID], [TenTrangThai]) VALUES (1, N'Chờ xác nhận')
INSERT [dbo].[TrangThaiHopDong] ([TrangThaiID], [TenTrangThai]) VALUES (2, N'Đã xác nhận - Chờ thanh toán cọc')
INSERT [dbo].[TrangThaiHopDong] ([TrangThaiID], [TenTrangThai]) VALUES (3, N'Chờ nhận thiết bị')
INSERT [dbo].[TrangThaiHopDong] ([TrangThaiID], [TenTrangThai]) VALUES (4, N'Đang cho thuê')
INSERT [dbo].[TrangThaiHopDong] ([TrangThaiID], [TenTrangThai]) VALUES (5, N'Vi phạm - chấm dứt')
INSERT [dbo].[TrangThaiHopDong] ([TrangThaiID], [TenTrangThai]) VALUES (6, N'Quá hạn thanh toán')
INSERT [dbo].[TrangThaiHopDong] ([TrangThaiID], [TenTrangThai]) VALUES (7, N'Đã hủy bởi khách hàng')
INSERT [dbo].[TrangThaiHopDong] ([TrangThaiID], [TenTrangThai]) VALUES (8, N'Đã thu hồi thiết bị')
INSERT [dbo].[TrangThaiHopDong] ([TrangThaiID], [TenTrangThai]) VALUES (9, N'Đang kiểm tra hư hại')
INSERT [dbo].[TrangThaiHopDong] ([TrangThaiID], [TenTrangThai]) VALUES (10, N'Chờ thanh toán nợ')
INSERT [dbo].[TrangThaiHopDong] ([TrangThaiID], [TenTrangThai]) VALUES (11, N'Đã hủy')
INSERT [dbo].[TrangThaiHopDong] ([TrangThaiID], [TenTrangThai]) VALUES (12, N'Hoàn tất')
GO
INSERT [dbo].[TrangThaiNguoiDung] ([TrangThaiID], [TenTrangThai]) VALUES (1, N'Đang hoạt động')
INSERT [dbo].[TrangThaiNguoiDung] ([TrangThaiID], [TenTrangThai]) VALUES (2, N'Tạm khóa')
INSERT [dbo].[TrangThaiNguoiDung] ([TrangThaiID], [TenTrangThai]) VALUES (3, N'Đã vô hiệu')
GO
INSERT [dbo].[VaiTro] ([VaiTroID], [TenVaiTro], [MoTa]) VALUES (1, N'Admin', N'Quản trị viên — toàn quyền hệ thống')
INSERT [dbo].[VaiTro] ([VaiTroID], [TenVaiTro], [MoTa]) VALUES (2, N'Thủ kho', N'Quản lý kho, nhập xuất thiết bị, duyệt hợp đồng')
INSERT [dbo].[VaiTro] ([VaiTroID], [TenVaiTro], [MoTa]) VALUES (3, N'Kỹ thuật viên', N'Giao nhận hiện trường, bảo trì và sự cố')
INSERT [dbo].[VaiTro] ([VaiTroID], [TenVaiTro], [MoTa]) VALUES (4, N'Khách hàng', N'Tự đặt thuê qua app, xem hợp đồng cá nhân')
GO
/****** Object:  Index [UQ_GioHang]    Script Date: 5/26/2026 10:28:37 PM ******/
ALTER TABLE [dbo].[GioHang] ADD  CONSTRAINT [UQ_GioHang] UNIQUE NONCLUSTERED 
(
	[NguoiDungID] ASC,
	[LoaiThietBiID] ASC
)WITH (STATISTICS_NORECOMPUTE = OFF, IGNORE_DUP_KEY = OFF, ONLINE = OFF, OPTIMIZE_FOR_SEQUENTIAL_KEY = OFF) ON [PRIMARY]
GO
SET ANSI_PADDING ON
GO
/****** Object:  Index [UQ_NguoiDung_Ma]    Script Date: 5/26/2026 10:28:37 PM ******/
ALTER TABLE [dbo].[NguoiDung] ADD  CONSTRAINT [UQ_NguoiDung_Ma] UNIQUE NONCLUSTERED 
(
	[MaNguoiDung] ASC
)WITH (STATISTICS_NORECOMPUTE = OFF, IGNORE_DUP_KEY = OFF, ONLINE = OFF, OPTIMIZE_FOR_SEQUENTIAL_KEY = OFF) ON [PRIMARY]
GO
SET ANSI_PADDING ON
GO
/****** Object:  Index [UQ_NguoiDung_TaiKhoan]    Script Date: 5/26/2026 10:28:37 PM ******/
ALTER TABLE [dbo].[NguoiDung] ADD  CONSTRAINT [UQ_NguoiDung_TaiKhoan] UNIQUE NONCLUSTERED 
(
	[TaiKhoan] ASC
)WITH (STATISTICS_NORECOMPUTE = OFF, IGNORE_DUP_KEY = OFF, ONLINE = OFF, OPTIMIZE_FOR_SEQUENTIAL_KEY = OFF) ON [PRIMARY]
GO
SET ANSI_PADDING ON
GO
/****** Object:  Index [UQ_ThietBi_Ma]    Script Date: 5/26/2026 10:28:37 PM ******/
ALTER TABLE [dbo].[ThietBi] ADD  CONSTRAINT [UQ_ThietBi_Ma] UNIQUE NONCLUSTERED 
(
	[MaTaiSan] ASC
)WITH (STATISTICS_NORECOMPUTE = OFF, IGNORE_DUP_KEY = OFF, ONLINE = OFF, OPTIMIZE_FOR_SEQUENTIAL_KEY = OFF) ON [PRIMARY]
GO
/****** Object:  Index [UQ_TBND]    Script Date: 5/26/2026 10:28:37 PM ******/
ALTER TABLE [dbo].[ThongBaoNguoiDung] ADD  CONSTRAINT [UQ_TBND] UNIQUE NONCLUSTERED 
(
	[ThongBaoID] ASC,
	[NguoiDungID] ASC
)WITH (STATISTICS_NORECOMPUTE = OFF, IGNORE_DUP_KEY = OFF, ONLINE = OFF, OPTIMIZE_FOR_SEQUENTIAL_KEY = OFF) ON [PRIMARY]
GO
ALTER TABLE [dbo].[ChuKyDienTu] ADD  DEFAULT (getdate()) FOR [NgayKy]
GO
ALTER TABLE [dbo].[DiaChiGiaoHang] ADD  DEFAULT ((2)) FOR [LoaiDiaChi]
GO
ALTER TABLE [dbo].[DiaChiGiaoHang] ADD  DEFAULT ((0)) FOR [LaMacDinh]
GO
ALTER TABLE [dbo].[DiaChiGiaoHang] ADD  DEFAULT (getdate()) FOR [NgayTao]
GO
ALTER TABLE [dbo].[DieuKhoanHopDong] ADD  CONSTRAINT [DF_DieuKhoan_Active]  DEFAULT ((1)) FOR [IsActive]
GO
ALTER TABLE [dbo].[DieuKhoanMauHopDong] ADD  DEFAULT ((1)) FOR [PhienBan]
GO
ALTER TABLE [dbo].[DieuKhoanMauHopDong] ADD  DEFAULT ((1)) FOR [DangHoatDong]
GO
ALTER TABLE [dbo].[DieuKhoanMauHopDong] ADD  DEFAULT (getdate()) FOR [NgayTao]
GO
ALTER TABLE [dbo].[FCMToken] ADD  DEFAULT (getdate()) FOR [NgayCapNhat]
GO
ALTER TABLE [dbo].[GioHang] ADD  CONSTRAINT [DF_GioHang_Ngay]  DEFAULT (getdate()) FOR [NgayThem]
GO
ALTER TABLE [dbo].[GioHang] ADD  DEFAULT ((1)) FOR [SoLuong]
GO
ALTER TABLE [dbo].[HinhAnhThietBi] ADD  CONSTRAINT [DF_HinhAnh_Ngay]  DEFAULT (getdate()) FOR [NgayChup]
GO
ALTER TABLE [dbo].[HopDongThue] ADD  CONSTRAINT [DF_HopDong_NgayLap]  DEFAULT (getdate()) FOR [NgayLap]
GO
ALTER TABLE [dbo].[HopDongThue] ADD  CONSTRAINT [DF_HopDong_Coc]  DEFAULT ((0)) FOR [TienCoc]
GO
ALTER TABLE [dbo].[HopDongThue] ADD  CONSTRAINT [DF_HopDong_Tong]  DEFAULT ((0)) FOR [TongTienThue]
GO
ALTER TABLE [dbo].[HopDongThue] ADD  CONSTRAINT [DF_HopDong_BoiThuong]  DEFAULT ((0)) FOR [PhiBoiThuong]
GO
ALTER TABLE [dbo].[HopDongThue] ADD  CONSTRAINT [DF_HopDong_TrangThai]  DEFAULT ((1)) FOR [TrangThaiID]
GO
ALTER TABLE [dbo].[HopDongThue] ADD  CONSTRAINT [DF_HopDong_Nguon]  DEFAULT ((2)) FOR [NguonTao]
GO
ALTER TABLE [dbo].[HopDongThue] ADD  DEFAULT ((0)) FOR [ThueVAT]
GO
ALTER TABLE [dbo].[HopDongThue] ADD  DEFAULT ((3.0)) FOR [PhiTreHanPhanTram]
GO
ALTER TABLE [dbo].[HopDongThue] ADD  DEFAULT ((3)) FOR [SoNgayTreHanMoiKy]
GO
ALTER TABLE [dbo].[HopDongThue] ADD  DEFAULT ((15)) FOR [SoNgayViPhamChamDut]
GO
ALTER TABLE [dbo].[HopDongThue] ADD  DEFAULT ((1000000)) FOR [PhiVeSinhChuyenSau]
GO
ALTER TABLE [dbo].[HopDongThue] ADD  DEFAULT ((50.0)) FOR [PhiGianDoanPhanTram]
GO
ALTER TABLE [dbo].[LichSuBanGiao] ADD  CONSTRAINT [DF_LSBG_Ngay]  DEFAULT (getdate()) FOR [NgayGiaoNhan]
GO
ALTER TABLE [dbo].[LichSuBaoTri] ADD  CONSTRAINT [DF_LSBT_Ngay]  DEFAULT (getdate()) FOR [NgayThucHien]
GO
ALTER TABLE [dbo].[LichSuBaoTri] ADD  CONSTRAINT [DF_LSBT_ChiPhi]  DEFAULT ((0)) FOR [ChiPhi]
GO
ALTER TABLE [dbo].[LichSuBaoTri] ADD  CONSTRAINT [DF_LSBT_TrangThai]  DEFAULT ((1)) FOR [TrangThaiID]
GO
ALTER TABLE [dbo].[LichSuBaoTri] ADD  CONSTRAINT [DF_LSBT_BoiThuong]  DEFAULT ((0)) FOR [TinhVaoBoiThuong]
GO
ALTER TABLE [dbo].[LoaiThietBi] ADD  CONSTRAINT [DF_LoaiTB_Gia]  DEFAULT ((0)) FOR [GiaThueThamKhao]
GO
ALTER TABLE [dbo].[MucDanhGia] ADD  DEFAULT ((0)) FOR [TinhVaoBoiThuong]
GO
ALTER TABLE [dbo].[NguoiDung] ADD  CONSTRAINT [DF_NguoiDung_TrangThai]  DEFAULT ((1)) FOR [TrangThaiID]
GO
ALTER TABLE [dbo].[NguoiDung] ADD  CONSTRAINT [DF_NguoiDung_NgayTao]  DEFAULT (getdate()) FOR [NgayTao]
GO
ALTER TABLE [dbo].[NguoiDung] ADD  CONSTRAINT [DF_NguoiDung_DoiMK]  DEFAULT ((0)) FOR [DoiMatKhauLanDau]
GO
ALTER TABLE [dbo].[PhieuNhap] ADD  CONSTRAINT [DF_PhieuNhap_Ngay]  DEFAULT (getdate()) FOR [NgayNhap]
GO
ALTER TABLE [dbo].[ThanhToan] ADD  DEFAULT ((1)) FOR [LoaiThanhToan]
GO
ALTER TABLE [dbo].[ThanhToan] ADD  DEFAULT ((0)) FOR [TrangThai]
GO
ALTER TABLE [dbo].[ThanhToan] ADD  DEFAULT (getdate()) FOR [NgayTao]
GO
ALTER TABLE [dbo].[ThietBi] ADD  CONSTRAINT [DF_ThietBi_TinhTrang]  DEFAULT ((1)) FOR [TinhTrangID]
GO
ALTER TABLE [dbo].[ThongBao] ADD  DEFAULT ((1)) FOR [LoaiThongBao]
GO
ALTER TABLE [dbo].[ThongBao] ADD  DEFAULT (getdate()) FOR [NgayTao]
GO
ALTER TABLE [dbo].[ThongBaoNguoiDung] ADD  DEFAULT ((0)) FOR [DaDoc]
GO
ALTER TABLE [dbo].[XacNhanDieuKhoan] ADD  CONSTRAINT [DF_XacNhan_Thoigian]  DEFAULT (getdate()) FOR [ThoiGianXacNhan]
GO
ALTER TABLE [dbo].[ChiTietPhieuNhap]  WITH CHECK ADD  CONSTRAINT [FK_CTPN_LoaiThietBi] FOREIGN KEY([LoaiThietBiID])
REFERENCES [dbo].[LoaiThietBi] ([LoaiThietBiID])
GO
ALTER TABLE [dbo].[ChiTietPhieuNhap] CHECK CONSTRAINT [FK_CTPN_LoaiThietBi]
GO
ALTER TABLE [dbo].[ChiTietPhieuNhap]  WITH CHECK ADD  CONSTRAINT [FK_CTPN_PhieuNhap] FOREIGN KEY([PhieuNhapID])
REFERENCES [dbo].[PhieuNhap] ([PhieuNhapID])
GO
ALTER TABLE [dbo].[ChiTietPhieuNhap] CHECK CONSTRAINT [FK_CTPN_PhieuNhap]
GO
ALTER TABLE [dbo].[ChiTietThue]  WITH CHECK ADD  CONSTRAINT [FK_CTT_HopDong] FOREIGN KEY([HopDongID])
REFERENCES [dbo].[HopDongThue] ([HopDongID])
GO
ALTER TABLE [dbo].[ChiTietThue] CHECK CONSTRAINT [FK_CTT_HopDong]
GO
ALTER TABLE [dbo].[ChiTietThue]  WITH CHECK ADD  CONSTRAINT [FK_CTT_ThietBi] FOREIGN KEY([ThietBiID])
REFERENCES [dbo].[ThietBi] ([ThietBiID])
GO
ALTER TABLE [dbo].[ChiTietThue] CHECK CONSTRAINT [FK_CTT_ThietBi]
GO
ALTER TABLE [dbo].[ChiTietThueThietBi]  WITH CHECK ADD  CONSTRAINT [FK_CTTB_HopDong] FOREIGN KEY([HopDongID])
REFERENCES [dbo].[HopDongThue] ([HopDongID])
GO
ALTER TABLE [dbo].[ChiTietThueThietBi] CHECK CONSTRAINT [FK_CTTB_HopDong]
GO
ALTER TABLE [dbo].[ChiTietThueThietBi]  WITH CHECK ADD  CONSTRAINT [FK_CTTB_ThietBi] FOREIGN KEY([ThietBiID])
REFERENCES [dbo].[ThietBi] ([ThietBiID])
GO
ALTER TABLE [dbo].[ChiTietThueThietBi] CHECK CONSTRAINT [FK_CTTB_ThietBi]
GO
ALTER TABLE [dbo].[ChuKyDienTu]  WITH CHECK ADD  CONSTRAINT [FK_CKDT_HopDong] FOREIGN KEY([HopDongID])
REFERENCES [dbo].[HopDongThue] ([HopDongID])
GO
ALTER TABLE [dbo].[ChuKyDienTu] CHECK CONSTRAINT [FK_CKDT_HopDong]
GO
ALTER TABLE [dbo].[ChuKyDienTu]  WITH CHECK ADD  CONSTRAINT [FK_CKDT_NguoiDung] FOREIGN KEY([NguoiDungID])
REFERENCES [dbo].[NguoiDung] ([NguoiDungID])
GO
ALTER TABLE [dbo].[ChuKyDienTu] CHECK CONSTRAINT [FK_CKDT_NguoiDung]
GO
ALTER TABLE [dbo].[DiaChiGiaoHang]  WITH CHECK ADD  CONSTRAINT [FK_DCGH_NguoiDung] FOREIGN KEY([NguoiDungID])
REFERENCES [dbo].[NguoiDung] ([NguoiDungID])
GO
ALTER TABLE [dbo].[DiaChiGiaoHang] CHECK CONSTRAINT [FK_DCGH_NguoiDung]
GO
ALTER TABLE [dbo].[FCMToken]  WITH CHECK ADD  CONSTRAINT [FK_FCM_NguoiDung] FOREIGN KEY([NguoiDungID])
REFERENCES [dbo].[NguoiDung] ([NguoiDungID])
GO
ALTER TABLE [dbo].[FCMToken] CHECK CONSTRAINT [FK_FCM_NguoiDung]
GO
ALTER TABLE [dbo].[GioHang]  WITH CHECK ADD  CONSTRAINT [FK_GH_NguoiDung] FOREIGN KEY([NguoiDungID])
REFERENCES [dbo].[NguoiDung] ([NguoiDungID])
GO
ALTER TABLE [dbo].[GioHang] CHECK CONSTRAINT [FK_GH_NguoiDung]
GO
ALTER TABLE [dbo].[HinhAnhThietBi]  WITH CHECK ADD  CONSTRAINT [FK_HA_BanGiao] FOREIGN KEY([BanGiaoID])
REFERENCES [dbo].[LichSuBanGiao] ([BanGiaoID])
GO
ALTER TABLE [dbo].[HinhAnhThietBi] CHECK CONSTRAINT [FK_HA_BanGiao]
GO
ALTER TABLE [dbo].[HinhAnhThietBi]  WITH CHECK ADD  CONSTRAINT [FK_HA_BaoTri] FOREIGN KEY([BaoTriID])
REFERENCES [dbo].[LichSuBaoTri] ([BaoTriID])
GO
ALTER TABLE [dbo].[HinhAnhThietBi] CHECK CONSTRAINT [FK_HA_BaoTri]
GO
ALTER TABLE [dbo].[HinhAnhThietBi]  WITH CHECK ADD  CONSTRAINT [FK_HA_LoaiAnh] FOREIGN KEY([LoaiAnhID])
REFERENCES [dbo].[LoaiAnh] ([LoaiAnhID])
GO
ALTER TABLE [dbo].[HinhAnhThietBi] CHECK CONSTRAINT [FK_HA_LoaiAnh]
GO
ALTER TABLE [dbo].[HinhAnhThietBi]  WITH CHECK ADD  CONSTRAINT [FK_HA_NguoiDung] FOREIGN KEY([NguoiDungChupID])
REFERENCES [dbo].[NguoiDung] ([NguoiDungID])
GO
ALTER TABLE [dbo].[HinhAnhThietBi] CHECK CONSTRAINT [FK_HA_NguoiDung]
GO
ALTER TABLE [dbo].[HinhAnhThietBi]  WITH CHECK ADD  CONSTRAINT [FK_HA_ThietBi] FOREIGN KEY([ThietBiID])
REFERENCES [dbo].[ThietBi] ([ThietBiID])
GO
ALTER TABLE [dbo].[HinhAnhThietBi] CHECK CONSTRAINT [FK_HA_ThietBi]
GO
ALTER TABLE [dbo].[HopDongThue]  WITH CHECK ADD  CONSTRAINT [FK_HD_DiaChi] FOREIGN KEY([DiaChiGiaoID])
REFERENCES [dbo].[DiaChiGiaoHang] ([DiaChiID])
GO
ALTER TABLE [dbo].[HopDongThue] CHECK CONSTRAINT [FK_HD_DiaChi]
GO
ALTER TABLE [dbo].[HopDongThue]  WITH CHECK ADD  CONSTRAINT [FK_HD_KhachHang] FOREIGN KEY([NguoiDungKhachID])
REFERENCES [dbo].[NguoiDung] ([NguoiDungID])
GO
ALTER TABLE [dbo].[HopDongThue] CHECK CONSTRAINT [FK_HD_KhachHang]
GO
ALTER TABLE [dbo].[HopDongThue]  WITH CHECK ADD  CONSTRAINT [FK_HD_NguoiTao] FOREIGN KEY([NguoiDungTaoID])
REFERENCES [dbo].[NguoiDung] ([NguoiDungID])
GO
ALTER TABLE [dbo].[HopDongThue] CHECK CONSTRAINT [FK_HD_NguoiTao]
GO
ALTER TABLE [dbo].[HopDongThue]  WITH CHECK ADD  CONSTRAINT [FK_HD_TrangThai] FOREIGN KEY([TrangThaiID])
REFERENCES [dbo].[TrangThaiHopDong] ([TrangThaiID])
GO
ALTER TABLE [dbo].[HopDongThue] CHECK CONSTRAINT [FK_HD_TrangThai]
GO
ALTER TABLE [dbo].[LichSuBanGiao]  WITH CHECK ADD  CONSTRAINT [FK_LSBG_DenKho] FOREIGN KEY([DenKhoID])
REFERENCES [dbo].[Kho] ([KhoID])
GO
ALTER TABLE [dbo].[LichSuBanGiao] CHECK CONSTRAINT [FK_LSBG_DenKho]
GO
ALTER TABLE [dbo].[LichSuBanGiao]  WITH CHECK ADD  CONSTRAINT [FK_LSBG_HopDong] FOREIGN KEY([HopDongID])
REFERENCES [dbo].[HopDongThue] ([HopDongID])
GO
ALTER TABLE [dbo].[LichSuBanGiao] CHECK CONSTRAINT [FK_LSBG_HopDong]
GO
ALTER TABLE [dbo].[LichSuBanGiao]  WITH CHECK ADD  CONSTRAINT [FK_LSBG_LoaiGiaoDich] FOREIGN KEY([LoaiGiaoDichID])
REFERENCES [dbo].[LoaiGiaoDich] ([LoaiGiaoDichID])
GO
ALTER TABLE [dbo].[LichSuBanGiao] CHECK CONSTRAINT [FK_LSBG_LoaiGiaoDich]
GO
ALTER TABLE [dbo].[LichSuBanGiao]  WITH CHECK ADD  CONSTRAINT [FK_LSBG_MucDanhGia] FOREIGN KEY([MucDanhGiaID])
REFERENCES [dbo].[MucDanhGia] ([MucDanhGiaID])
GO
ALTER TABLE [dbo].[LichSuBanGiao] CHECK CONSTRAINT [FK_LSBG_MucDanhGia]
GO
ALTER TABLE [dbo].[LichSuBanGiao]  WITH CHECK ADD  CONSTRAINT [FK_LSBG_NguoiDung] FOREIGN KEY([NguoiDungThucHienID])
REFERENCES [dbo].[NguoiDung] ([NguoiDungID])
GO
ALTER TABLE [dbo].[LichSuBanGiao] CHECK CONSTRAINT [FK_LSBG_NguoiDung]
GO
ALTER TABLE [dbo].[LichSuBanGiao]  WITH CHECK ADD  CONSTRAINT [FK_LSBG_ThietBi] FOREIGN KEY([ThietBiID])
REFERENCES [dbo].[ThietBi] ([ThietBiID])
GO
ALTER TABLE [dbo].[LichSuBanGiao] CHECK CONSTRAINT [FK_LSBG_ThietBi]
GO
ALTER TABLE [dbo].[LichSuBanGiao]  WITH CHECK ADD  CONSTRAINT [FK_LSBG_TuKho] FOREIGN KEY([TuKhoID])
REFERENCES [dbo].[Kho] ([KhoID])
GO
ALTER TABLE [dbo].[LichSuBanGiao] CHECK CONSTRAINT [FK_LSBG_TuKho]
GO
ALTER TABLE [dbo].[LichSuBaoTri]  WITH CHECK ADD  CONSTRAINT [FK_LSBT_HopDong] FOREIGN KEY([HopDongID])
REFERENCES [dbo].[HopDongThue] ([HopDongID])
GO
ALTER TABLE [dbo].[LichSuBaoTri] CHECK CONSTRAINT [FK_LSBT_HopDong]
GO
ALTER TABLE [dbo].[LichSuBaoTri]  WITH CHECK ADD  CONSTRAINT [FK_LSBT_LoaiBaoTri] FOREIGN KEY([LoaiBaoTriID])
REFERENCES [dbo].[LoaiBaoTri] ([LoaiBaoTriID])
GO
ALTER TABLE [dbo].[LichSuBaoTri] CHECK CONSTRAINT [FK_LSBT_LoaiBaoTri]
GO
ALTER TABLE [dbo].[LichSuBaoTri]  WITH CHECK ADD  CONSTRAINT [FK_LSBT_NguoiDung] FOREIGN KEY([NguoiDungBaoTriID])
REFERENCES [dbo].[NguoiDung] ([NguoiDungID])
GO
ALTER TABLE [dbo].[LichSuBaoTri] CHECK CONSTRAINT [FK_LSBT_NguoiDung]
GO
ALTER TABLE [dbo].[LichSuBaoTri]  WITH CHECK ADD  CONSTRAINT [FK_LSBT_ThietBi] FOREIGN KEY([ThietBiID])
REFERENCES [dbo].[ThietBi] ([ThietBiID])
GO
ALTER TABLE [dbo].[LichSuBaoTri] CHECK CONSTRAINT [FK_LSBT_ThietBi]
GO
ALTER TABLE [dbo].[LichSuBaoTri]  WITH CHECK ADD  CONSTRAINT [FK_LSBT_TrangThai] FOREIGN KEY([TrangThaiID])
REFERENCES [dbo].[TrangThaiBaoTri] ([TrangThaiID])
GO
ALTER TABLE [dbo].[LichSuBaoTri] CHECK CONSTRAINT [FK_LSBT_TrangThai]
GO
ALTER TABLE [dbo].[LoaiThietBi]  WITH CHECK ADD  CONSTRAINT [FK_LTB_DanhMuc] FOREIGN KEY([DanhMucID])
REFERENCES [dbo].[DanhMucThietBi] ([DanhMucID])
GO
ALTER TABLE [dbo].[LoaiThietBi] CHECK CONSTRAINT [FK_LTB_DanhMuc]
GO
ALTER TABLE [dbo].[LoaiThietBi]  WITH CHECK ADD  CONSTRAINT [FK_LTB_NhaCungCap] FOREIGN KEY([NhaCungCapID])
REFERENCES [dbo].[NhaCungCap] ([NhaCungCapID])
GO
ALTER TABLE [dbo].[LoaiThietBi] CHECK CONSTRAINT [FK_LTB_NhaCungCap]
GO
ALTER TABLE [dbo].[NguoiDung]  WITH CHECK ADD  CONSTRAINT [FK_ND_Kho] FOREIGN KEY([KhoID])
REFERENCES [dbo].[Kho] ([KhoID])
GO
ALTER TABLE [dbo].[NguoiDung] CHECK CONSTRAINT [FK_ND_Kho]
GO
ALTER TABLE [dbo].[NguoiDung]  WITH CHECK ADD  CONSTRAINT [FK_ND_LoaiKH] FOREIGN KEY([LoaiKhachHangID])
REFERENCES [dbo].[LoaiKhachHang] ([LoaiID])
GO
ALTER TABLE [dbo].[NguoiDung] CHECK CONSTRAINT [FK_ND_LoaiKH]
GO
ALTER TABLE [dbo].[NguoiDung]  WITH CHECK ADD  CONSTRAINT [FK_ND_TrangThai] FOREIGN KEY([TrangThaiID])
REFERENCES [dbo].[TrangThaiNguoiDung] ([TrangThaiID])
GO
ALTER TABLE [dbo].[NguoiDung] CHECK CONSTRAINT [FK_ND_TrangThai]
GO
ALTER TABLE [dbo].[NguoiDung]  WITH CHECK ADD  CONSTRAINT [FK_ND_VaiTro] FOREIGN KEY([VaiTroID])
REFERENCES [dbo].[VaiTro] ([VaiTroID])
GO
ALTER TABLE [dbo].[NguoiDung] CHECK CONSTRAINT [FK_ND_VaiTro]
GO
ALTER TABLE [dbo].[PhieuNhap]  WITH CHECK ADD  CONSTRAINT [FK_PN_NguoiDung] FOREIGN KEY([NguoiDungNhapID])
REFERENCES [dbo].[NguoiDung] ([NguoiDungID])
GO
ALTER TABLE [dbo].[PhieuNhap] CHECK CONSTRAINT [FK_PN_NguoiDung]
GO
ALTER TABLE [dbo].[PhieuNhap]  WITH CHECK ADD  CONSTRAINT [FK_PN_NhaCungCap] FOREIGN KEY([NhaCungCapID])
REFERENCES [dbo].[NhaCungCap] ([NhaCungCapID])
GO
ALTER TABLE [dbo].[PhieuNhap] CHECK CONSTRAINT [FK_PN_NhaCungCap]
GO
ALTER TABLE [dbo].[ThanhToan]  WITH CHECK ADD  CONSTRAINT [FK_TT_HopDong] FOREIGN KEY([HopDongID])
REFERENCES [dbo].[HopDongThue] ([HopDongID])
GO
ALTER TABLE [dbo].[ThanhToan] CHECK CONSTRAINT [FK_TT_HopDong]
GO
ALTER TABLE [dbo].[ThietBi]  WITH CHECK ADD  CONSTRAINT [FK_TB_Kho] FOREIGN KEY([KhoHienTaiID])
REFERENCES [dbo].[Kho] ([KhoID])
GO
ALTER TABLE [dbo].[ThietBi] CHECK CONSTRAINT [FK_TB_Kho]
GO
ALTER TABLE [dbo].[ThietBi]  WITH CHECK ADD  CONSTRAINT [FK_TB_LoaiThietBi] FOREIGN KEY([LoaiThietBiID])
REFERENCES [dbo].[LoaiThietBi] ([LoaiThietBiID])
GO
ALTER TABLE [dbo].[ThietBi] CHECK CONSTRAINT [FK_TB_LoaiThietBi]
GO
ALTER TABLE [dbo].[ThietBi]  WITH CHECK ADD  CONSTRAINT [FK_TB_TinhTrang] FOREIGN KEY([TinhTrangID])
REFERENCES [dbo].[TinhTrangThietBi] ([TinhTrangID])
GO
ALTER TABLE [dbo].[ThietBi] CHECK CONSTRAINT [FK_TB_TinhTrang]
GO
ALTER TABLE [dbo].[ThongBao]  WITH CHECK ADD  CONSTRAINT [FK_TB_NguoiGui] FOREIGN KEY([NguoiGuiID])
REFERENCES [dbo].[NguoiDung] ([NguoiDungID])
GO
ALTER TABLE [dbo].[ThongBao] CHECK CONSTRAINT [FK_TB_NguoiGui]
GO
ALTER TABLE [dbo].[ThongBaoNguoiDung]  WITH CHECK ADD  CONSTRAINT [FK_TBND_NguoiDung] FOREIGN KEY([NguoiDungID])
REFERENCES [dbo].[NguoiDung] ([NguoiDungID])
GO
ALTER TABLE [dbo].[ThongBaoNguoiDung] CHECK CONSTRAINT [FK_TBND_NguoiDung]
GO
ALTER TABLE [dbo].[ThongBaoNguoiDung]  WITH CHECK ADD  CONSTRAINT [FK_TBND_ThongBao] FOREIGN KEY([ThongBaoID])
REFERENCES [dbo].[ThongBao] ([ThongBaoID])
GO
ALTER TABLE [dbo].[ThongBaoNguoiDung] CHECK CONSTRAINT [FK_TBND_ThongBao]
GO
ALTER TABLE [dbo].[XacNhanDieuKhoan]  WITH CHECK ADD  CONSTRAINT [FK_XNDK_DieuKhoan] FOREIGN KEY([DieuKhoanID])
REFERENCES [dbo].[DieuKhoanHopDong] ([DieuKhoanID])
GO
ALTER TABLE [dbo].[XacNhanDieuKhoan] CHECK CONSTRAINT [FK_XNDK_DieuKhoan]
GO
ALTER TABLE [dbo].[XacNhanDieuKhoan]  WITH CHECK ADD  CONSTRAINT [FK_XNDK_HopDong] FOREIGN KEY([HopDongID])
REFERENCES [dbo].[HopDongThue] ([HopDongID])
GO
ALTER TABLE [dbo].[XacNhanDieuKhoan] CHECK CONSTRAINT [FK_XNDK_HopDong]
GO
ALTER TABLE [dbo].[ChiTietPhieuNhap]  WITH CHECK ADD  CONSTRAINT [CK_CTPN_SoLuong] CHECK  (([SoLuong]>(0)))
GO
ALTER TABLE [dbo].[ChiTietPhieuNhap] CHECK CONSTRAINT [CK_CTPN_SoLuong]
GO
ALTER TABLE [dbo].[HopDongThue]  WITH CHECK ADD  CONSTRAINT [CK_HopDong_NgayTra] CHECK  (([NgayDuKienTra]>[NgayBatDauThue]))
GO
ALTER TABLE [dbo].[HopDongThue] CHECK CONSTRAINT [CK_HopDong_NgayTra]
GO
ALTER TABLE [dbo].[HopDongThue]  WITH CHECK ADD  CONSTRAINT [CK_HopDong_NguonTao] CHECK  (([NguonTao]=(2) OR [NguonTao]=(1)))
GO
ALTER TABLE [dbo].[HopDongThue] CHECK CONSTRAINT [CK_HopDong_NguonTao]
GO
ALTER TABLE [dbo].[NguoiDung]  WITH CHECK ADD  CONSTRAINT [CK_NguoiDung_Kho] CHECK  ((([VaiTroID]=(3) OR [VaiTroID]=(2)) AND [KhoID] IS NOT NULL OR ([VaiTroID]=(4) OR [VaiTroID]=(1)) AND [KhoID] IS NULL))
GO
ALTER TABLE [dbo].[NguoiDung] CHECK CONSTRAINT [CK_NguoiDung_Kho]
GO
ALTER TABLE [dbo].[NguoiDung]  WITH CHECK ADD  CONSTRAINT [CK_NguoiDung_LoaiKH] CHECK  (([VaiTroID]=(4) OR [LoaiKhachHangID] IS NULL))
GO
ALTER TABLE [dbo].[NguoiDung] CHECK CONSTRAINT [CK_NguoiDung_LoaiKH]
GO
ALTER DATABASE [QuanLyThietBi] SET  READ_WRITE 
GO
